nameseq,A,C,G,T,label
NONHSAT122124,0.2927927927927928,0.1917352134743439,0.20936153544849198,0.30611045828437133,LncRNA
NONHSAT036719,0.18604651162790697,0.2823920265780731,0.3488372093023256,0.18272425249169436,LncRNA
NONHSAT000091,0.2767689417658109,0.2974326862867877,0.16155291170945524,0.26424546023794615,LncRNA
NONHSAT000204,0.20634920634920634,0.29523809523809524,0.30634920634920637,0.19206349206349208,LncRNA
NONHSAT001062,0.25149700598802394,0.26646706586826346,0.27844311377245506,0.20359281437125748,LncRNA
NONHSAT001159,0.20846905537459284,0.2848353239232718,0.2975027144408252,0.20919290626131018,LncRNA
NONHSAT001461,0.26175687666370895,0.225377107364685,0.22715173025732033,0.2857142857142857,LncRNA
NONHSAT001463,0.23644251626898047,0.25488069414316705,0.25379609544468545,0.25488069414316705,LncRNA
NONHSAT001511,0.2988261138189057,0.16962998558385392,0.18384018672341593,0.34770371387382437,LncRNA
NONHSAT001953,0.2463768115942029,0.21994884910485935,0.2506393861892583,0.2830349531116795,LncRNA
NONHSAT001993,0.2940251572327044,0.2641509433962264,0.23742138364779874,0.20440251572327045,LncRNA
NONHSAT002344,0.28937357342125286,0.16890692366218615,0.20948516358102967,0.3322343393355313,LncRNA
NONHSAT002390,0.25966119640021174,0.20010587612493383,0.22657490735839067,0.31365802011646376,LncRNA
NONHSAT002564,0.22184300341296928,0.2567311338642397,0.22942737959802806,0.291998483124763,LncRNA
NONHSAT002658,0.28032683846637335,0.22690131992457574,0.24795725958516657,0.24481458202388434,LncRNA
NONHSAT003081,0.1980868872060582,0.31008369868473495,0.2766042247907533,0.21522518931845358,LncRNA
NONHSAT004374,0.2876984126984127,0.23015873015873015,0.19246031746031747,0.2896825396825397,LncRNA
NONHSAT004412,0.3015075376884422,0.1884422110552764,0.1974156496769562,0.3126346015793252,LncRNA
NONHSAT006360,0.21701199563794984,0.20610687022900764,0.183206106870229,0.3936750272628135,LncRNA
NONHSAT007698,0.3032015065913371,0.16760828625235405,0.2222222222222222,0.3069679849340866,LncRNA
NONHSAT008282,0.2981574539363484,0.15912897822445563,0.208821887213847,0.33389168062534896,LncRNA
NONHSAT008692,0.2844677137870855,0.17015706806282724,0.16753926701570682,0.37783595113438045,LncRNA
NONHSAT009144,0.2302125734961556,0.21905623398160712,0.27423488617518466,0.27649630634705263,LncRNA
NONHSAT009289,0.28506271379703535,0.21066134549600912,0.21180159635119727,0.29247434435575825,LncRNA
NONHSAT009703,0.30201630201630203,0.16387816387816387,0.17202917202917203,0.36207636207636207,LncRNA
NONHSAT009920,0.2871638762049721,0.24708269913749364,0.23541349568746828,0.23033992897006594,LncRNA
NONHSAT011652,0.3378800795680591,0.14947428246660982,0.1636828644501279,0.34896277351520316,LncRNA
NONHSAT012887,0.3372924354243542,0.18507841328413285,0.2197878228782288,0.2578413284132841,LncRNA
NONHSAT012889,0.3459196102314251,0.1806739748274462,0.22127486804709703,0.25213154689403167,LncRNA
NONHSAT016749,0.3081896551724138,0.22341954022988506,0.20833333333333334,0.2600574712643678,LncRNA
NONHSAT016752,0.2831439393939394,0.21306818181818182,0.21306818181818182,0.29071969696969696,LncRNA
NONHSAT017060,0.23143564356435645,0.23886138613861385,0.25495049504950495,0.2747524752475248,LncRNA
NONHSAT017400,0.19150779896013864,0.30329289428076256,0.2738301559792028,0.231369150779896,LncRNA
NONHSAT017922,0.24673060156931126,0.2022667829119442,0.2911944202266783,0.2598081952920663,LncRNA
NONHSAT018076,0.30511910795742525,0.21439432336543335,0.2146477445514445,0.2658388241256969,LncRNA
NONHSAT018186,0.24210215529967524,0.24534986713906112,0.265426631237083,0.2471213463241807,LncRNA
NONHSAT018688,0.25529340592861466,0.23049001814882034,0.22050816696914702,0.29370840895341804,LncRNA
NONHSAT021830,0.2586705202312139,0.20014450867052022,0.23049132947976878,0.3106936416184971,LncRNA
NONHSAT021853,0.2647058823529412,0.20069204152249134,0.21453287197231835,0.32006920415224915,LncRNA
NONHSAT021854,0.2585139318885449,0.1996904024767802,0.21207430340557276,0.32972136222910214,LncRNA
NONHSAT022112,0.24221772775237424,0.2043176222300387,0.2362381287372494,0.3172265212803377,LncRNA
NONHSAT022115,0.2701207243460765,0.15643863179074446,0.23792756539235413,0.33551307847082495,LncRNA
NONHSAT024258,0.24404145077720207,0.2756476683937824,0.2854922279792746,0.19481865284974093,LncRNA
NONHSAT024353,0.28385772913816687,0.21477428180574556,0.21545827633378933,0.2859097127222982,LncRNA
NONHSAT024449,0.2513347022587269,0.19383983572895278,0.20903490759753593,0.3457905544147844,LncRNA
NONHSAT025216,0.20504635962912296,0.20869433044535643,0.2939656482748138,0.2922936616507068,LncRNA
NONHSAT027070,0.2857721929468991,0.1601134981759222,0.1799756789623024,0.37413862991487634,LncRNA
NONHSAT027475,0.28489562013917313,0.21981170691772411,0.215309046254605,0.27998362668849774,LncRNA
NONHSAT028579,0.2139406487232574,0.29054520358868186,0.2663906142167012,0.22912353347135955,LncRNA
NONHSAT028938,0.2643811737361999,0.23184195235328298,0.2359093550261476,0.26786751888436955,LncRNA
NONHSAT029339,0.2962085308056872,0.19194312796208532,0.23696682464454977,0.27488151658767773,LncRNA
NONHSAT029458,0.2467762326169406,0.24323640960809104,0.26826801517067006,0.24171934260429837,LncRNA
NONHSAT030153,0.26,0.188,0.204,0.348,LncRNA
NONHSAT030969,0.2204061416542843,0.23922734026745915,0.23427439326399208,0.3060921248142645,LncRNA
NONHSAT032173,0.29707681849082257,0.1910265125764786,0.19238613188307274,0.3195105370496261,LncRNA
NONHSAT033428,0.30772994129158515,0.17392367906066536,0.17490215264187867,0.34344422700587085,LncRNA
NONHSAT033794,0.321483771251932,0.1553323029366306,0.16846986089644514,0.3547140649149923,LncRNA
NONHSAT033822,0.2734611503531786,0.21392532795156408,0.21796165489404642,0.2946518668012109,LncRNA
NONHSAT033970,0.2911660777385159,0.2226148409893993,0.2332155477031802,0.2530035335689046,LncRNA
NONHSAT034472,0.3032440056417489,0.15608838740009404,0.16690173953925716,0.37376586741889983,LncRNA
NONHSAT034665,0.2979274611398964,0.1562375448385811,0.20944599442008768,0.3363889996014348,LncRNA
NONHSAT034695,0.31474296799224055,0.1440349175557711,0.18477206595538312,0.3564500484966052,LncRNA
NONHSAT034878,0.20320197044334976,0.27955665024630544,0.2229064039408867,0.29433497536945813,LncRNA
NONHSAT037936,0.2689908843754998,0.25043978890132734,0.24692147769070846,0.2336478490324644,LncRNA
NONHSAT038064,0.30383795309168443,0.18976545842217485,0.2068230277185501,0.2995735607675906,LncRNA
NONHSAT039454,0.2588575560375994,0.2031814895155459,0.24439624005784527,0.2935647143890094,LncRNA
NONHSAT039675,0.24794841735052756,0.23534583821805394,0.24120750293083235,0.27549824150058616,LncRNA
NONHSAT040375,0.20725646123260438,0.32007952286282304,0.25795228628230615,0.2147117296222664,LncRNA
NONHSAT041921,0.2907809480504718,0.18870069341821075,0.2017733318176651,0.3187450267136524,LncRNA
NONHSAT041927,0.29902419462638685,0.18206122176179654,0.1966314663814998,0.32228311723031683,LncRNA
NONHSAT042032,0.2906267332224071,0.16860787576261785,0.1896838602329451,0.35108153078202997,LncRNA
NONHSAT042406,0.23327137546468402,0.26022304832713755,0.28810408921933084,0.2184014869888476,LncRNA
NONHSAT043887,0.30004418912947417,0.2213875386654883,0.20945647370746795,0.2691117984975696,LncRNA
NONHSAT044002,0.3105656350053362,0.14834578441835647,0.1648879402347919,0.37620064034151546,LncRNA
NONHSAT047179,0.24858757062146894,0.23163841807909605,0.19947848761408082,0.3202955236853542,LncRNA
NONHSAT047236,0.2385596399099775,0.24306076519129782,0.2550637659414854,0.2633158289572393,LncRNA
NONHSAT049673,0.256107171000788,0.21355397951142632,0.2789598108747045,0.25137903861308114,LncRNA
NONHSAT050195,0.28538747497855305,0.22562196168144125,0.1815842150414641,0.30740634829854163,LncRNA
NONHSAT052035,0.1341222879684418,0.3708086785009862,0.2958579881656805,0.1992110453648915,LncRNA
NONHSAT052790,0.28322819229932567,0.2105721122471177,0.21949097237328694,0.28670872308026973,LncRNA
NONHSAT052795,0.26570915619389585,0.2459605026929982,0.28545780969479356,0.20287253141831238,LncRNA
NONHSAT054170,0.28055217214778727,0.22086885911490053,0.26106374340235483,0.23751522533495736,LncRNA
NONHSAT054526,0.3333333333333333,0.17248062015503876,0.21511627906976744,0.27906976744186046,LncRNA
NONHSAT054716,0.3144395186827106,0.16909436352121596,0.1934768841038632,0.3229892336922103,LncRNA
NONHSAT054915,0.26331360946745563,0.1905818540433925,0.21499013806706113,0.3311143984220907,LncRNA
NONHSAT056046,0.24221022019110927,0.2330702118820108,0.21479019526381388,0.3099293726630661,LncRNA
NONHSAT056107,0.2074688796680498,0.25218994928538496,0.26786537574919317,0.27247579529737204,LncRNA
NONHSAT056108,0.2018111254851229,0.25485122897800777,0.2716688227684347,0.2716688227684347,LncRNA
NONHSAT057058,0.27451971688574317,0.2333164812942366,0.22927199191102124,0.26289180990899896,LncRNA
NONHSAT058882,0.3032051282051282,0.18076923076923077,0.191025641025641,0.325,LncRNA
NONHSAT058916,0.3287884690299961,0.1834826645890144,0.20919361121932217,0.27853525516166733,LncRNA
NONHSAT059878,0.2833998591218596,0.21883071143460905,0.261094153557173,0.2366752758863583,LncRNA
NONHSAT060501,0.1745886654478976,0.3080438756855576,0.3203839122486289,0.1969835466179159,LncRNA
NONHSAT063977,0.2738528769118718,0.2337946103423161,0.22432629278951202,0.26802621995630005,LncRNA
NONHSAT063996,0.23429128105211885,0.22162688748173404,0.20263029712615685,0.34145153433999026,LncRNA
NONHSAT064192,0.1905055487053021,0.28976572133168926,0.3094944512946979,0.21023427866831074,LncRNA
NONHSAT065864,0.1856177012907191,0.28211432083589427,0.26490473263675474,0.26736324523663185,LncRNA
NONHSAT066004,0.19024045261669023,0.2842998585572843,0.29207920792079206,0.2333804809052334,LncRNA
NONHSAT066071,0.2865612648221344,0.1976284584980237,0.17588932806324112,0.33992094861660077,LncRNA
NONHSAT068119,0.2934154793993069,0.21755872160184828,0.21139776665383134,0.2776280323450135,LncRNA
NONHSAT068156,0.23,0.24888888888888888,0.2238888888888889,0.2972222222222222,LncRNA
NONHSAT068462,0.2324680356450988,0.28012398295234403,0.27663696241766755,0.2107710189848896,LncRNA
NONHSAT070107,0.31604197901049474,0.18500749625187407,0.18320839580209894,0.3157421289355322,LncRNA
NONHSAT070211,0.19110690633869443,0.3065279091769158,0.2980132450331126,0.2043519394512772,LncRNA
NONHSAT070923,0.2658410138248848,0.23300691244239632,0.20362903225806453,0.29752304147465436,LncRNA
NONHSAT072962,0.3011077542799597,0.18026183282980865,0.23967774420946628,0.27895266868076535,LncRNA
NONHSAT072980,0.24796527400976667,0.23440043407487793,0.19858925664677157,0.31904503526858385,LncRNA
NONHSAT075636,0.2485807672458283,0.2594185446413212,0.2475485979700671,0.2444520901427834,LncRNA
NONHSAT076795,0.2602905569007264,0.22033898305084745,0.22276029055690072,0.2966101694915254,LncRNA
NONHSAT077115,0.2839943342776204,0.1848441926345609,0.2273371104815864,0.3038243626062323,LncRNA
NONHSAT079374,0.2629310344827586,0.17904509283819628,0.21120689655172414,0.34681697612732093,LncRNA
NONHSAT079548,0.27880141447980644,0.17643774427694026,0.24195049320677461,0.3028103480364787,LncRNA
NONHSAT080206,0.23015873015873015,0.2400793650793651,0.3253968253968254,0.20436507936507936,LncRNA
NONHSAT082246,0.28075801749271134,0.20495626822157434,0.22857142857142856,0.2857142857142857,LncRNA
NONHSAT083038,0.31587239070500195,0.22528554549035054,0.2170145726664041,0.2418274911382434,LncRNA
NONHSAT083046,0.3282980866062437,0.21248741188318226,0.2084592145015106,0.25075528700906347,LncRNA
NONHSAT084423,0.22889006903876793,0.26500265533722783,0.28465215082315454,0.2214551248008497,LncRNA
NONHSAT084609,0.2354668232530828,0.26208651399491095,0.2867488745351341,0.2156977882168722,LncRNA
NONHSAT084827,0.2722478576137113,0.2168754119973632,0.21502966381015162,0.2958470665787739,LncRNA
NONHSAT084887,0.2618618618618619,0.21501501501501502,0.22942942942942943,0.2936936936936937,LncRNA
NONHSAT087529,0.19933692498963945,0.3195192706174886,0.2606713634479901,0.2204724409448819,LncRNA
NONHSAT087761,0.24654165385797724,0.21211189671072855,0.22502305564094682,0.31632339379034735,LncRNA
NONHSAT087778,0.29793658782083543,0.17614494212380474,0.2143935581278309,0.31152491192752896,LncRNA
NONHSAT088657,0.296,0.13866666666666666,0.19733333333333333,0.368,LncRNA
NONHSAT090901,0.24102011494252873,0.2568247126436782,0.2686781609195402,0.23347701149425287,LncRNA
NONHSAT091509,0.2676151761517615,0.22323848238482386,0.2130758807588076,0.296070460704607,LncRNA
NONHSAT092438,0.31185884283955684,0.15428805908904392,0.16741895773492,0.36643414033647925,LncRNA
NONHSAT092772,0.31902439024390244,0.1351219512195122,0.1848780487804878,0.36097560975609755,LncRNA
NONHSAT093167,0.2905638665132336,0.2186421173762946,0.24453394706559264,0.24626006904487918,LncRNA
NONHSAT094546,0.30976253298153034,0.20422163588390502,0.23060686015831133,0.2554089709762533,LncRNA
NONHSAT094555,0.3,0.1980392156862745,0.23137254901960785,0.27058823529411763,LncRNA
NONHSAT094687,0.2296928327645051,0.2692832764505119,0.25324232081911263,0.2477815699658703,LncRNA
NONHSAT095521,0.2896281800391389,0.30528375733855184,0.2465753424657534,0.15851272015655576,LncRNA
NONHSAT095820,0.24192364170337738,0.2602790014684288,0.2000734214390602,0.2977239353891336,LncRNA
NONHSAT095934,0.34309623430962344,0.14943215780035865,0.14763897190675435,0.3598326359832636,LncRNA
NONHSAT096369,0.2099673202614379,0.29411764705882354,0.24673202614379086,0.24918300653594772,LncRNA
NONHSAT097093,0.3085513720485003,0.15762603701340142,0.16879387364390555,0.36502871729419273,LncRNA
NONHSAT097185,0.31152512998266896,0.1962738301559792,0.2231369150779896,0.2690641247833622,LncRNA
NONHSAT097386,0.32716606498194944,0.17057761732851986,0.18772563176895307,0.3145306859205776,LncRNA
NONHSAT097973,0.25,0.2113095238095238,0.28125,0.25744047619047616,LncRNA
NONHSAT098480,0.2941712204007286,0.21584699453551912,0.2122040072859745,0.2777777777777778,LncRNA
NONHSAT098643,0.3123877917414722,0.1436265709156194,0.21813285457809695,0.3258527827648115,LncRNA
NONHSAT099872,0.20912806539509537,0.3017711171662125,0.2731607629427793,0.2159400544959128,LncRNA
NONHSAT099881,0.21739130434782608,0.3019976498237368,0.27222875048962003,0.20838229533881708,LncRNA
NONHSAT100917,0.22403733955659277,0.2660443407234539,0.26254375729288215,0.24737456242707118,LncRNA
NONHSAT101044,0.3131932282545242,0.20169293636894337,0.2224168126094571,0.2626970227670753,LncRNA
NONHSAT101154,0.3038659793814433,0.18195876288659793,0.23917525773195877,0.275,LncRNA
NONHSAT101254,0.2692629815745394,0.23283082077051925,0.27261306532663315,0.22529313232830822,LncRNA
NONHSAT102257,0.257487091222031,0.27607573149741826,0.15180722891566265,0.3146299483648881,LncRNA
NONHSAT102316,0.27950179438463163,0.22672577580747308,0.22144817394975724,0.2723242558581381,LncRNA
NONHSAT102816,0.38823529411764707,0.13109243697478992,0.1781512605042017,0.3025210084033613,LncRNA
NONHSAT103210,0.2876389356685753,0.18760525429437522,0.2576625126305153,0.2670932974065342,LncRNA
NONHSAT103885,0.2962962962962963,0.30303030303030304,0.11447811447811448,0.28619528619528617,LncRNA
NONHSAT104512,0.29817044928207503,0.17600741083835109,0.18862899490504864,0.33719314497452524,LncRNA
NONHSAT104639,0.2750217580504787,0.17493472584856398,0.19973890339425587,0.3503046127067015,LncRNA
NONHSAT104991,0.2934078212290503,0.1611173184357542,0.17675977653631286,0.3687150837988827,LncRNA
NONHSAT107804,0.24360613810741688,0.23369565217391305,0.2324168797953964,0.29028132992327366,LncRNA
NONHSAT108289,0.28938628158844765,0.18108303249097474,0.2291696750902527,0.3003610108303249,LncRNA
NONHSAT108367,0.3362434522324769,0.18383636817161386,0.21850835619855324,0.26141182339735597,LncRNA
NONHSAT108375,0.2650531286894923,0.22491145218417946,0.27863046044864226,0.23140495867768596,LncRNA
NONHSAT112475,0.2246305418719212,0.2975369458128079,0.22857142857142856,0.24926108374384237,LncRNA
NONHSAT112849,0.2759914255091104,0.2266881028938907,0.21596998928188638,0.28135048231511256,LncRNA
NONHSAT113139,0.2979741136747327,0.21102982554867755,0.22734946539110862,0.26364659538548113,LncRNA
NONHSAT113140,0.2845204934341425,0.2184639872662157,0.2431356943891763,0.25387982491046557,LncRNA
NONHSAT113313,0.2509157509157509,0.2503052503052503,0.27289377289377287,0.2258852258852259,LncRNA
NONHSAT113544,0.2790858725761773,0.23407202216066483,0.24307479224376732,0.24376731301939059,LncRNA
NONHSAT113914,0.25820568927789933,0.19037199124726478,0.24288840262582057,0.3085339168490153,LncRNA
NONHSAT114444,0.25444340505144997,0.20626753975678203,0.21421889616463985,0.32507015902712816,LncRNA
NONHSAT115059,0.3,0.14407894736842106,0.17039473684210527,0.38552631578947366,LncRNA
NONHSAT115429,0.3453551912568306,0.15737704918032788,0.20546448087431693,0.29180327868852457,LncRNA
NONHSAT118886,0.22817899867080194,0.2724856003544528,0.25963668586619404,0.23969871510855117,LncRNA
NONHSAT119053,0.1727214786488209,0.27214786488209053,0.3326959847036329,0.2224346717654557,LncRNA
NONHSAT119684,0.24524048096192386,0.27379759519038077,0.2597695390781563,0.2211923847695391,LncRNA
NONHSAT119704,0.1794871794871795,0.3121794871794872,0.2948717948717949,0.21346153846153845,LncRNA
NONHSAT119808,0.2519455252918288,0.23273346303501946,0.2482976653696498,0.26702334630350194,LncRNA
NONHSAT120080,0.2757437070938215,0.23409610983981693,0.23592677345537758,0.254233409610984,LncRNA
NONHSAT120258,0.30554117037804246,0.15432418436043502,0.17762817193164163,0.3625064733298809,LncRNA
NONHSAT120415,0.2330779054916986,0.2177522349936143,0.2796934865900383,0.26947637292464877,LncRNA
NONHSAT120418,0.21473684210526317,0.26526315789473687,0.2673684210526316,0.25263157894736843,LncRNA
NONHSAT122815,0.2923076923076923,0.1879120879120879,0.2087912087912088,0.310989010989011,LncRNA
NONHSAT123438,0.27906976744186046,0.1821705426356589,0.19878183831672203,0.3399778516057586,LncRNA
NONHSAT124335,0.2759394279304543,0.2232192933258553,0.23555804823331464,0.2652832305103758,LncRNA
NONHSAT125847,0.30743243243243246,0.20197876447876448,0.19787644787644787,0.2927123552123552,LncRNA
NONHSAT125900,0.3343558282208589,0.15337423312883436,0.16012269938650306,0.3521472392638037,LncRNA
NONHSAT126295,0.27648,0.1968,0.2032,0.32352,LncRNA
NONHSAT127049,0.29310344827586204,0.17398119122257052,0.2507836990595611,0.28213166144200624,LncRNA
NONHSAT131038,0.2741150442477876,0.2,0.20398230088495575,0.3219026548672566,LncRNA
NONHSAT131159,0.22574410514109006,0.2752222651720139,0.27367607267104754,0.22535755701584848,LncRNA
NONHSAT133402,0.2319182389937107,0.26257861635220126,0.2893081761006289,0.21619496855345913,LncRNA
NONHSAT134020,0.2901134521880065,0.16531604538087522,0.16369529983792544,0.38087520259319285,LncRNA
NONHSAT134595,0.29753744605229754,0.16044681391216045,0.1871033257171871,0.3549124143183549,LncRNA
NONHSAT134613,0.21908422459893048,0.2454879679144385,0.2942847593582888,0.24114304812834225,LncRNA
NONHSAT135352,0.21763085399449036,0.2924701561065197,0.26492194674012853,0.22497704315886133,LncRNA
NONHSAT135582,0.1968503937007874,0.25104214914312184,0.32792959703566466,0.22417786012042612,LncRNA
NONHSAT135822,0.28560663149962323,0.32177844762622454,0.13112283345892992,0.2614920874152223,LncRNA
NONHSAT135828,0.26744186046511625,0.3333333333333333,0.12015503875968993,0.27906976744186046,LncRNA
NONHSAT136839,0.2574487895716946,0.21787709497206703,0.2164804469273743,0.30819366852886404,LncRNA
NONHSAT137541,0.2680497925311203,0.21649377593360997,0.19564315352697095,0.31981327800829873,LncRNA
NONHSAT137571,0.32951289398280803,0.2017191977077364,0.2177650429799427,0.2510028653295129,LncRNA
NONHSAT138142,0.3064451561248999,0.1921537229783827,0.17413931144915934,0.32726180944755806,LncRNA
NONHSAT138537,0.3050685368186165,0.20401657634682818,0.19636595473382212,0.2945489321007332,LncRNA
NONHSAT138539,0.27459016393442626,0.22575136612021857,0.24863387978142076,0.2510245901639344,LncRNA
NONHSAT142612,0.21153846153846154,0.260989010989011,0.2967032967032967,0.23076923076923078,LncRNA
NONHSAT144081,0.23445873526259378,0.22561629153269025,0.25857449088960344,0.28135048231511256,LncRNA
NONHSAT144315,0.19819238218205293,0.3051969012265978,0.27453195610071013,0.22207876049063913,LncRNA
NONHSAT145752,0.2506490912722189,0.20471340123826642,0.219492710205712,0.3251447972838027,LncRNA
NONHSAT145765,0.25174476570289134,0.2477567298105683,0.2622133599202393,0.2382851445663011,LncRNA
NONHSAT145923,0.24269889224572003,0.22356495468277945,0.24672708962739173,0.28700906344410876,LncRNA
NONHSAT145965,0.23173803526448364,0.2518891687657431,0.3022670025188917,0.2141057934508816,LncRNA
NONHSAT130962,0.17537313432835822,0.34701492537313433,0.2835820895522388,0.19402985074626866,LncRNA
NONHSAT026096,0.24596774193548387,0.16129032258064516,0.29838709677419356,0.29435483870967744,LncRNA
NONHSAT017465,0.1999152901313003,0.277424819991529,0.35578144853875476,0.16687844133841592,LncRNA
NONHSAT059436,0.30388013830195926,0.23357664233576642,0.22320399538993468,0.23933922397233962,LncRNA
NONHSAT093153,0.15551839464882944,0.3193979933110368,0.3394648829431438,0.18561872909698995,LncRNA
NONHSAT000372,0.15852334419109662,0.33659066232356133,0.32247557003257327,0.18241042345276873,LncRNA
NONHSAT001968,0.22483423749246534,0.2332730560578662,0.2730560578661845,0.26883664858348405,LncRNA
NONHSAT004992,0.233201581027668,0.33992094861660077,0.31620553359683795,0.11067193675889328,LncRNA
NONHSAT005319,0.2678375411635565,0.19538968166849616,0.18331503841931943,0.3534577387486279,LncRNA
NONHSAT005482,0.30894839973873284,0.1743958197256695,0.17766165904637493,0.33899412148922276,LncRNA
NONHSAT005727,0.2515889830508475,0.19385593220338984,0.2065677966101695,0.3479872881355932,LncRNA
NONHSAT007235,0.31824294038547735,0.16069027341999104,0.208650829224563,0.3124159569699686,LncRNA
NONHSAT007429,0.22483046426708397,0.23943661971830985,0.24100156494522693,0.29473135106937925,LncRNA
NONHSAT007673,0.24659964518036664,0.2235363690124187,0.2483737433471319,0.2814902424600828,LncRNA
NONHSAT007680,0.29704510108864696,0.17262830482115085,0.2130637636080871,0.31726283048211507,LncRNA
NONHSAT007691,0.2975,0.1675,0.23625,0.29875,LncRNA
NONHSAT008410,0.27254013997529847,0.22149032523672293,0.17908604363935776,0.3268834911486208,LncRNA
NONHSAT008654,0.3283327344592167,0.17705713259072942,0.17292490118577075,0.32168523176428315,LncRNA
NONHSAT009806,0.2493696997478799,0.23722209488883794,0.21842768737107496,0.2949805179922072,LncRNA
NONHSAT009808,0.24678484532499131,0.2332290580465763,0.22627737226277372,0.29370872436565865,LncRNA
NONHSAT010724,0.2593235039028621,0.18473547267996532,0.2035270309337959,0.3524139924833767,LncRNA
NONHSAT012542,0.25501002004008017,0.23947895791583165,0.20841683366733466,0.2970941883767535,LncRNA
NONHSAT013096,0.21368881814564267,0.26740947075208915,0.2431356943891763,0.2757660167130919,LncRNA
NONHSAT013309,0.24112303881090008,0.2014863748967795,0.2634186622625929,0.2939719240297275,LncRNA
NONHSAT013600,0.20341880341880342,0.17905982905982906,0.19487179487179487,0.42264957264957265,LncRNA
NONHSAT016408,0.2414420561810531,0.25440691459115206,0.2595246218582964,0.24462640736949848,LncRNA
NONHSAT016411,0.24545669105499174,0.24710880339863112,0.2482888836440878,0.25914562190228935,LncRNA
NONHSAT016413,0.2564302416212003,0.23616523772408418,0.2377240841777085,0.269680436477007,LncRNA
NONHSAT016859,0.2280130293159609,0.15309446254071662,0.1465798045602606,0.4723127035830619,LncRNA
NONHSAT017355,0.16420361247947454,0.2988505747126437,0.21674876847290642,0.32019704433497537,LncRNA
NONHSAT018796,0.27747551686615884,0.2162676822633297,0.20674646354733406,0.2995103373231774,LncRNA
NONHSAT021887,0.2891246684350133,0.17188328912466844,0.18541114058355437,0.35358090185676394,LncRNA
NONHSAT023259,0.27346278317152106,0.22006472491909385,0.2389428263214671,0.267529665587918,LncRNA
NONHSAT023656,0.2776203966005666,0.14447592067988668,0.2577903682719547,0.32011331444759206,LncRNA
NONHSAT025149,0.2780695173793448,0.22230557639409854,0.19879969992498125,0.3008252063015754,LncRNA
NONHSAT026280,0.3502824858757062,0.17702448210922786,0.1657250470809793,0.3069679849340866,LncRNA
NONHSAT027013,0.22226277372262773,0.24963503649635035,0.227007299270073,0.3010948905109489,LncRNA
NONHSAT028690,0.20152314001171645,0.3110720562390158,0.2595196250732279,0.22788517867603983,LncRNA
NONHSAT028908,0.2920634920634921,0.17319223985890653,0.2318636096413874,0.302880658436214,LncRNA
NONHSAT029810,0.3085606773283161,0.21119473189087487,0.20319849482596425,0.2770460959548448,LncRNA
NONHSAT031708,0.2659245516388373,0.17872603586889302,0.21335807050092764,0.341991341991342,LncRNA
NONHSAT032056,0.2751503006012024,0.23667334669338677,0.2593186372745491,0.22885771543086172,LncRNA
NONHSAT032361,0.2840909090909091,0.18394886363636365,0.20383522727272727,0.328125,LncRNA
NONHSAT033305,0.2922689298501525,0.1768996154356186,0.2101843256862485,0.32064712902798037,LncRNA
NONHSAT033791,0.30861244019138756,0.17129186602870813,0.17655502392344496,0.3435406698564593,LncRNA
NONHSAT034263,0.35446313065976714,0.1313065976714101,0.16914618369987064,0.3450840879689521,LncRNA
NONHSAT034312,0.2736737729300942,0.19930589985126426,0.1998016856717898,0.32721864154685176,LncRNA
NONHSAT034313,0.30833333333333335,0.18680555555555556,0.16666666666666666,0.33819444444444446,LncRNA
NONHSAT035599,0.2336734693877551,0.27,0.24408163265306124,0.2522448979591837,LncRNA
NONHSAT036395,0.253227408142999,0.19563058589870905,0.20109235352532273,0.3500496524329692,LncRNA
NONHSAT037576,0.22025129342202512,0.24340970682434096,0.2288741069228874,0.3074648928307465,LncRNA
NONHSAT037814,0.30237451157198675,0.16831980763450555,0.17673579801623085,0.3525698827772768,LncRNA
NONHSAT039445,0.22982456140350876,0.2912280701754386,0.2649122807017544,0.21403508771929824,LncRNA
NONHSAT039751,0.274541034453852,0.23547656970408248,0.25182328778606755,0.238159108055998,LncRNA
NONHSAT040062,0.22379216043755698,0.2506836827711942,0.23883318140382861,0.2866909753874202,LncRNA
NONHSAT040285,0.18659734257654534,0.28711727325245523,0.31311380704794917,0.21317157712305027,LncRNA
NONHSAT040969,0.27490261547022815,0.1914301613800779,0.2353923205342237,0.29827490261547024,LncRNA
NONHSAT040974,0.28668840794544914,0.14853246368218204,0.2090127482952861,0.3557663800770827,LncRNA
NONHSAT040980,0.27192658858249563,0.19574840911186941,0.22253988748501338,0.3097851148206216,LncRNA
NONHSAT041063,0.2779012894619831,0.16651845264562026,0.17029791018230325,0.3852823477100934,LncRNA
NONHSAT042416,0.29001103752759383,0.19591611479028698,0.19646799116997793,0.31760485651214126,LncRNA
NONHSAT046801,0.2671009771986971,0.1465798045602606,0.2247557003257329,0.36156351791530944,LncRNA
NONHSAT046812,0.2437137330754352,0.24832614194316321,0.2562118732331498,0.2517482517482518,LncRNA
NONHSAT047079,0.3140643623361144,0.19249106078665076,0.22407628128724671,0.2693682955899881,LncRNA
NONHSAT049670,0.2709653373089825,0.1528140141632501,0.2500931792769288,0.32612746925083863,LncRNA
NONHSAT052826,0.3057692307692308,0.1858974358974359,0.19743589743589743,0.3108974358974359,LncRNA
NONHSAT053230,0.27568740955137483,0.22141823444283648,0.25542691751085383,0.24746743849493488,LncRNA
NONHSAT053846,0.20817562452687358,0.22255866767600302,0.24148372445117336,0.32778198334595005,LncRNA
NONHSAT054126,0.30118817352859906,0.23984526112185686,0.22934512296214424,0.22962144238739984,LncRNA
NONHSAT055267,0.21529324424647364,0.22791388270230142,0.22420193021529325,0.3325909428359317,LncRNA
NONHSAT058969,0.30071241094863144,0.17097862767154107,0.22609673790776152,0.302212223472066,LncRNA
NONHSAT059132,0.256857855361596,0.2399002493765586,0.21496259351620947,0.28827930174563593,LncRNA
NONHSAT059173,0.3239415398523429,0.17703781829139673,0.18653005876148862,0.31249058309477173,LncRNA
NONHSAT060973,0.30120481927710846,0.19360199418363108,0.20731200664727878,0.2978811798919817,LncRNA
NONHSAT063875,0.24917143717987345,0.23983127448026514,0.21301596866526062,0.2979813196746008,LncRNA
NONHSAT065785,0.2555350553505535,0.17481549815498154,0.1572878228782288,0.4123616236162362,LncRNA
NONHSAT066638,0.24508050089445438,0.22093023255813954,0.25313059033989266,0.2808586762075134,LncRNA
NONHSAT068218,0.208955223880597,0.19792342634652824,0.18234912394548994,0.4107722258273848,LncRNA
NONHSAT069957,0.308264724509183,0.15769474350854973,0.1740025332488917,0.36003799873337555,LncRNA
NONHSAT070239,0.32198297446169255,0.17476214321482222,0.2083124687030546,0.29494241362043067,LncRNA
NONHSAT070902,0.27541689080150616,0.192845615922539,0.21893491124260356,0.31280258203335126,LncRNA
NONHSAT071557,0.30712074303405573,0.1696594427244582,0.19938080495356036,0.3238390092879257,LncRNA
NONHSAT072522,0.30525437864887406,0.1609674728940784,0.1738949124270225,0.35988323603002503,LncRNA
NONHSAT074765,0.3087222647283856,0.17597551644988524,0.20007651109410865,0.3152257077276205,LncRNA
NONHSAT076209,0.31986531986531985,0.1531986531986532,0.20033670033670034,0.3265993265993266,LncRNA
NONHSAT076792,0.2690721649484536,0.18144329896907216,0.23195876288659795,0.31752577319587627,LncRNA
NONHSAT077414,0.23957513768686073,0.21990558615263572,0.23800157356412274,0.3025177025963808,LncRNA
NONHSAT077462,0.23741007194244604,0.2158273381294964,0.25539568345323743,0.29136690647482016,LncRNA
NONHSAT077466,0.20676691729323307,0.2669172932330827,0.2631578947368421,0.2631578947368421,LncRNA
NONHSAT078782,0.22362869198312235,0.22784810126582278,0.270042194092827,0.27848101265822783,LncRNA
NONHSAT079300,0.28502994011976046,0.20119760479041915,0.24191616766467067,0.2718562874251497,LncRNA
NONHSAT080219,0.2580479011073912,0.25573010558846254,0.2286891578676281,0.25753283543651817,LncRNA
NONHSAT081217,0.2867857930730201,0.18508713876020297,0.16390911096404148,0.3642179572027355,LncRNA
NONHSAT081240,0.2988826815642458,0.164804469273743,0.1717877094972067,0.3645251396648045,LncRNA
NONHSAT081259,0.35228817399184414,0.18554599003171726,0.15949252378794743,0.30267331218849114,LncRNA
NONHSAT081842,0.2533681605718999,0.22298597745394555,0.23302172119879022,0.2906241407753643,LncRNA
NONHSAT082319,0.2615638766519824,0.24779735682819384,0.2433920704845815,0.2472466960352423,LncRNA
NONHSAT084621,0.2588712402838797,0.20310915849949307,0.20750253464008112,0.3305170665765461,LncRNA
NONHSAT087070,0.2493150684931507,0.236986301369863,0.2534246575342466,0.2602739726027397,LncRNA
NONHSAT087925,0.20105421686746988,0.2545180722891566,0.2319277108433735,0.3125,LncRNA
NONHSAT089678,0.19766688269604665,0.29034348671419313,0.25340246273493194,0.25858716785482827,LncRNA
NONHSAT089873,0.2543859649122807,0.17719298245614035,0.2807017543859649,0.28771929824561404,LncRNA
NONHSAT091143,0.28945182724252494,0.1897840531561462,0.17358803986710963,0.34717607973421927,LncRNA
NONHSAT091152,0.2751937984496124,0.1987080103359173,0.19483204134366924,0.33126614987080105,LncRNA
NONHSAT091589,0.29418813660874776,0.16057519472738166,0.1871380067904933,0.35809866187337724,LncRNA
NONHSAT092080,0.30325528269560253,0.1967447173043975,0.2238720731010851,0.2761279268989149,LncRNA
NONHSAT092997,0.29393939393939394,0.12727272727272726,0.24545454545454545,0.3333333333333333,LncRNA
NONHSAT094455,0.28441295546558704,0.2257085020242915,0.2069838056680162,0.28289473684210525,LncRNA
NONHSAT094617,0.31403726708074536,0.2129192546583851,0.2501863354037267,0.22285714285714286,LncRNA
NONHSAT094799,0.22138364779874214,0.23605870020964362,0.21635220125786164,0.3262054507337526,LncRNA
NONHSAT095714,0.27930306230200636,0.1958817317845829,0.2249208025343189,0.29989440337909185,LncRNA
NONHSAT096686,0.32009345794392524,0.15320427236315087,0.1855807743658211,0.3411214953271028,LncRNA
NONHSAT098048,0.1735159817351598,0.3800332088003321,0.21419676214196762,0.23225404732254049,LncRNA
NONHSAT098666,0.26535899333826796,0.1991117690599556,0.22205773501110287,0.3134715025906736,LncRNA
NONHSAT099020,0.292169900936355,0.1614873117112227,0.19636314289591533,0.349979644456507,LncRNA
NONHSAT100481,0.2027491408934708,0.26804123711340205,0.2508591065292096,0.27835051546391754,LncRNA
NONHSAT100798,0.3290774299835255,0.17559033498077978,0.1945359692476661,0.30079626578802854,LncRNA
NONHSAT101498,0.27696895281529554,0.18593229258024907,0.21382213646728643,0.3232766181371689,LncRNA
NONHSAT102457,0.30759878419452885,0.16778115501519758,0.18480243161094226,0.3398176291793313,LncRNA
NONHSAT102802,0.27602905569007263,0.1978554133517814,0.20166032514700796,0.324455205811138,LncRNA
NONHSAT104637,0.24152542372881355,0.2245762711864407,0.22598870056497175,0.307909604519774,LncRNA
NONHSAT105161,0.18137254901960784,0.24509803921568626,0.29901960784313725,0.27450980392156865,LncRNA
NONHSAT108425,0.2784217016029593,0.2379778051787916,0.1960542540073983,0.2875462392108508,LncRNA
NONHSAT108471,0.25191370911621436,0.2512178148921364,0.21189979123173278,0.2849686847599165,LncRNA
NONHSAT108615,0.3016926651178228,0.2168934616661135,0.21705940922668437,0.26435446398937934,LncRNA
NONHSAT108992,0.22956730769230768,0.21033653846153846,0.234375,0.32572115384615385,LncRNA
NONHSAT112287,0.27955321129382565,0.16506360533664288,0.16878684455476264,0.38659633881476885,LncRNA
NONHSAT112843,0.2583794812008161,0.2199067327309822,0.25779656076945495,0.2639172252987467,LncRNA
NONHSAT113149,0.19642857142857142,0.30357142857142855,0.2767857142857143,0.22321428571428573,LncRNA
NONHSAT113257,0.2626427406199021,0.1859706362153344,0.18923327895595432,0.3621533442088091,LncRNA
NONHSAT113497,0.2965963017509409,0.18253968253968253,0.19333987890688922,0.3275241368024873,LncRNA
NONHSAT113863,0.27655310621242485,0.15731462925851702,0.22444889779559118,0.34168336673346694,LncRNA
NONHSAT114356,0.2893590541381456,0.17237087741132545,0.18917237087741132,0.3490976975731176,LncRNA
NONHSAT114756,0.24476386036960984,0.2082135523613963,0.17618069815195073,0.37084188911704313,LncRNA
NONHSAT115106,0.32579984060116135,0.17653421382215645,0.18786291699874758,0.3098030285779346,LncRNA
NONHSAT115417,0.2773355676581483,0.1591956430666108,0.15416841223292838,0.40930037704231254,LncRNA
NONHSAT115568,0.2847682119205298,0.16797110174593619,0.2095123419626731,0.33774834437086093,LncRNA
NONHSAT115664,0.2846502590673575,0.20984455958549222,0.21599740932642486,0.28950777202072536,LncRNA
NONHSAT115734,0.27635327635327633,0.1889838556505223,0.2241215574548908,0.31054131054131057,LncRNA
NONHSAT115857,0.2724189902034665,0.21250941974378296,0.2302185380557649,0.2848530519969857,LncRNA
NONHSAT116016,0.22681704260651628,0.2719298245614035,0.2656641604010025,0.23558897243107768,LncRNA
NONHSAT118707,0.23374760994263863,0.2624282982791587,0.25430210325047803,0.24952198852772467,LncRNA
NONHSAT118799,0.21602787456445993,0.2804878048780488,0.2578397212543554,0.2456445993031359,LncRNA
NONHSAT121718,0.33204057279236276,0.1685560859188544,0.1766109785202864,0.32279236276849643,LncRNA
NONHSAT121765,0.32482826300294404,0.1467124631992149,0.14965652600588814,0.3788027477919529,LncRNA
NONHSAT122589,0.26796973518284994,0.21406052963430014,0.22509457755359394,0.292875157629256,LncRNA
NONHSAT122593,0.28855250709555347,0.20643330179754021,0.20302743614001892,0.3019867549668874,LncRNA
NONHSAT122633,0.2752598752598753,0.20415800415800417,0.22640332640332642,0.29417879417879417,LncRNA
NONHSAT122865,0.27142124166239096,0.20318111852231913,0.18214468958440225,0.34325295023088764,LncRNA
NONHSAT123138,0.25814889336016095,0.2090543259557344,0.1682092555331992,0.3645875251509054,LncRNA
NONHSAT123162,0.253016738030362,0.23160762942779292,0.2012456208641495,0.3141300116776956,LncRNA
NONHSAT123220,0.20734677969404658,0.30098411770437494,0.2617168469258501,0.22995225567572836,LncRNA
NONHSAT124481,0.2155440414507772,0.22383419689119172,0.22020725388601037,0.3404145077720207,LncRNA
NONHSAT124614,0.2472314507198228,0.250968992248062,0.23892580287929124,0.26287375415282394,LncRNA
NONHSAT127058,0.28035714285714286,0.15714285714285714,0.2517857142857143,0.3107142857142857,LncRNA
NONHSAT127134,0.30587875076546234,0.16074709124311085,0.19350887936313532,0.33986527862829147,LncRNA
NONHSAT127313,0.36418685121107264,0.15484429065743946,0.20588235294117646,0.2750865051903114,LncRNA
NONHSAT127621,0.24422236102435976,0.24422236102435976,0.2567145534041224,0.254840724547158,LncRNA
NONHSAT128024,0.2686084142394822,0.1818770226537217,0.21294498381877022,0.3365695792880259,LncRNA
NONHSAT128189,0.26625035481124043,0.2069259154130003,0.22906613681521432,0.297757592960545,LncRNA
NONHSAT128403,0.2664359861591695,0.18339100346020762,0.1903114186851211,0.35986159169550175,LncRNA
NONHSAT129417,0.18886560909907213,0.290631547440886,0.2687818018557318,0.2517210416043101,LncRNA
NONHSAT129986,0.30204890945142104,0.18274950429610046,0.20224719101123595,0.3129543952412426,LncRNA
NONHSAT130010,0.2739118380925977,0.2015525367341281,0.19295813695591904,0.33157748821735517,LncRNA
NONHSAT131958,0.10900473933649289,0.4028436018957346,0.35545023696682465,0.13270142180094788,LncRNA
NONHSAT133730,0.292166952544311,0.180674671240709,0.20411663807890223,0.3230417381360778,LncRNA
NONHSAT134698,0.2787878787878788,0.1893939393939394,0.18787878787878787,0.34393939393939393,LncRNA
NONHSAT135851,0.3094405594405594,0.3181818181818182,0.13986013986013987,0.23251748251748253,LncRNA
NONHSAT136803,0.2678214523650899,0.20797246280257606,0.2147457250721741,0.3094603597601599,LncRNA
NONHSAT137589,0.25721561969439727,0.20797962648556875,0.20161290322580644,0.3331918505942275,LncRNA
NONHSAT137607,0.26436781609195403,0.21001844756634028,0.21470129132964383,0.3109124450120619,LncRNA
NONHSAT138147,0.20454545454545456,0.25757575757575757,0.3383838383838384,0.1994949494949495,LncRNA
NONHSAT138174,0.31686576230006075,0.16562057096578256,0.18768981575217655,0.32982385098198014,LncRNA
NONHSAT138818,0.2622873345935728,0.2339319470699433,0.14697542533081284,0.3568052930056711,LncRNA
NONHSAT138966,0.2700629123829983,0.21420899186742365,0.2303206997084548,0.2854073960411232,LncRNA
NONHSAT142136,0.2621951219512195,0.23536585365853657,0.2634146341463415,0.23902439024390243,LncRNA
NONHSAT143557,0.364363221016562,0.17390062821245003,0.18389491719017703,0.277841233580811,LncRNA
NONHSAT143568,0.28093337427080134,0.21522873810254836,0.1869818851704022,0.31685600245624806,LncRNA
NONHSAT145225,0.26437941473259335,0.18819374369323916,0.18113017154389505,0.36629667003027244,LncRNA
NONHSAT145510,0.2583572110792741,0.2593123209169054,0.2693409742120344,0.21298949379178606,LncRNA
NONHSAT145960,0.276843467011643,0.222509702457956,0.24708926261319533,0.2535575679172057,LncRNA
NONHSAT039745,0.2021680216802168,0.2991869918699187,0.27154471544715447,0.22710027100271002,LncRNA
NONHSAT000157,0.21791951404707668,0.26727410782080485,0.25968109339407747,0.255125284738041,LncRNA
NONHSAT000825,0.30973451327433627,0.16322517207472959,0.18780727630285152,0.3392330383480826,LncRNA
NONHSAT001050,0.29169675090252706,0.1776173285198556,0.22707581227436824,0.3036101083032491,LncRNA
NONHSAT001652,0.32136105860113423,0.18714555765595464,0.21550094517958412,0.27599243856332706,LncRNA
NONHSAT002955,0.35557986870897157,0.18708971553610504,0.21444201312910285,0.24288840262582057,LncRNA
NONHSAT004175,0.34430275606746197,0.1497326203208556,0.14273961332784862,0.3632250102838338,LncRNA
NONHSAT004238,0.3040093421564811,0.15803814713896458,0.1771117166212534,0.3608407940833009,LncRNA
NONHSAT004455,0.29604409857328146,0.2175745784695201,0.19649805447470817,0.2898832684824903,LncRNA
NONHSAT004775,0.27071386197350206,0.18568321139015226,0.16847933557445124,0.3751235910618944,LncRNA
NONHSAT005942,0.2508905852417303,0.2223918575063613,0.18676844783715013,0.33994910941475825,LncRNA
NONHSAT006085,0.29943374858437144,0.20679501698754246,0.2287655719139298,0.2650056625141563,LncRNA
NONHSAT007159,0.28349944629014395,0.19158361018826134,0.21539313399778517,0.30952380952380953,LncRNA
NONHSAT007667,0.2874617737003058,0.17940876656472987,0.23547400611620795,0.2976554536187564,LncRNA
NONHSAT007719,0.3056436271401395,0.1813570069752695,0.15282181357006974,0.36017755231452125,LncRNA
NONHSAT008565,0.30146600124766065,0.17701185277604492,0.18777292576419213,0.3337492202121023,LncRNA
NONHSAT009594,0.3148991541964867,0.21665582303188027,0.22055953155497723,0.24788549121665582,LncRNA
NONHSAT010167,0.2718052738336714,0.1962474645030426,0.19776876267748478,0.3341784989858012,LncRNA
NONHSAT010896,0.287636669470143,0.18502943650126155,0.184188393608074,0.34314550042052144,LncRNA
NONHSAT011627,0.3225806451612903,0.1795066413662239,0.20910815939278937,0.2888045540796964,LncRNA
NONHSAT011868,0.2447513812154696,0.2425414364640884,0.2776243093922652,0.23508287292817678,LncRNA
NONHSAT011908,0.2975778546712803,0.12283737024221453,0.15916955017301038,0.4204152249134948,LncRNA
NONHSAT012566,0.25177414378278307,0.19500154273372416,0.17309472385066338,0.3801295896328294,LncRNA
NONHSAT013550,0.2619227857683573,0.22407267221801666,0.19984859954579864,0.3141559424678274,LncRNA
NONHSAT013639,0.3099987131643289,0.1934114013640458,0.1823446145927165,0.31424527087890874,LncRNA
NONHSAT015415,0.27564604541895066,0.23805794831636648,0.1855912294440094,0.3007047768206735,LncRNA
NONHSAT015736,0.26637824474660077,0.1699629171817058,0.17799752781211373,0.3856613102595797,LncRNA
NONHSAT016378,0.3242784380305603,0.13582342954159593,0.1697792869269949,0.3701188455008489,LncRNA
NONHSAT016441,0.28794848206071755,0.18399264029438822,0.18472861085556577,0.34333026678932843,LncRNA
NONHSAT016525,0.26805822576215327,0.25308981049162316,0.24210381763251854,0.23674814611370504,LncRNA
NONHSAT016573,0.33229813664596275,0.13354037267080746,0.20186335403726707,0.33229813664596275,LncRNA
NONHSAT018227,0.2701048951048951,0.21678321678321677,0.23513986013986013,0.27797202797202797,LncRNA
NONHSAT023366,0.30134428678117997,0.19114077669902912,0.20691747572815533,0.3005974607916356,LncRNA
NONHSAT023404,0.33463988241058307,0.16903478686918177,0.1670749632533072,0.329250367466928,LncRNA
NONHSAT025390,0.30021231422505307,0.20254777070063695,0.17791932059447982,0.31932059447983013,LncRNA
NONHSAT027206,0.2842831700801425,0.19011576135351738,0.22217275155832591,0.30342831700801426,LncRNA
NONHSAT028994,0.2717241379310345,0.20551724137931035,0.25103448275862067,0.2717241379310345,LncRNA
NONHSAT029652,0.2709337003899977,0.20646937370956642,0.18559302592337693,0.337003899977059,LncRNA
NONHSAT029869,0.30136561142147733,0.19542727084626527,0.19749637906062487,0.3057107386716325,LncRNA
NONHSAT030018,0.30833333333333335,0.2,0.16166666666666665,0.33,LncRNA
NONHSAT030139,0.18983050847457628,0.32372881355932204,0.3008474576271186,0.18559322033898304,LncRNA
NONHSAT030457,0.28608879492600425,0.2103171247357294,0.2264693446088795,0.2771247357293869,LncRNA
NONHSAT030458,0.27067390767711674,0.21507035299925945,0.23012836336706985,0.28412737595655396,LncRNA
NONHSAT031489,0.2694318577901708,0.22865109794353433,0.23736493551760196,0.26455210874869295,LncRNA
NONHSAT032621,0.3588850174216028,0.1254355400696864,0.1672473867595819,0.34843205574912894,LncRNA
NONHSAT033103,0.2813905930470348,0.18670756646216768,0.19427402862985685,0.3376278118609407,LncRNA
NONHSAT033790,0.3396057347670251,0.16845878136200718,0.1881720430107527,0.30376344086021506,LncRNA
NONHSAT033797,0.32387190684133915,0.18850072780203783,0.185589519650655,0.302037845705968,LncRNA
NONHSAT033804,0.32253521126760565,0.16056338028169015,0.1704225352112676,0.3464788732394366,LncRNA
NONHSAT033967,0.2816546762589928,0.21294964028776978,0.23093525179856114,0.27446043165467626,LncRNA
NONHSAT034093,0.2922979797979798,0.18434343434343434,0.15214646464646464,0.3712121212121212,LncRNA
NONHSAT034484,0.29932465026531596,0.17559093101784853,0.16570188133140376,0.35938253738543174,LncRNA
NONHSAT034741,0.26224520839671434,0.2184362640705811,0.23182233039245512,0.2874961971402495,LncRNA
NONHSAT035664,0.2801864801864802,0.1808857808857809,0.1958041958041958,0.34312354312354315,LncRNA
NONHSAT037890,0.29082125603864734,0.1826086956521739,0.18937198067632852,0.33719806763285026,LncRNA
NONHSAT039455,0.2509090909090909,0.22181818181818183,0.2545454545454545,0.2727272727272727,LncRNA
NONHSAT039558,0.270733012306046,0.2081326912787587,0.23461744248261102,0.28651685393258425,LncRNA
NONHSAT041930,0.3041907514450867,0.21604046242774566,0.1893063583815029,0.2904624277456647,LncRNA
NONHSAT042161,0.27698218651763884,0.2301781348236116,0.26755151938526023,0.22528815927348936,LncRNA
NONHSAT042257,0.29897463572585,0.16567728008634647,0.17647058823529413,0.35887749595250945,LncRNA
NONHSAT042324,0.32634032634032634,0.1571095571095571,0.1794871794871795,0.33706293706293705,LncRNA
NONHSAT042412,0.3009695290858726,0.19141274238227146,0.20886426592797783,0.29875346260387814,LncRNA
NONHSAT044134,0.31928251121076234,0.14439461883408072,0.16681614349775784,0.3695067264573991,LncRNA
NONHSAT047105,0.2802784222737819,0.21438515081206497,0.20139211136890953,0.3039443155452436,LncRNA
NONHSAT047178,0.223328025477707,0.24681528662420382,0.2300955414012739,0.2997611464968153,LncRNA
NONHSAT047863,0.2786282914880588,0.17085119412124924,0.24066135946111453,0.30985915492957744,LncRNA
NONHSAT047869,0.2791485244315433,0.19085631349782292,0.18698597000483794,0.34300919206579583,LncRNA
NONHSAT053931,0.2532965951584334,0.24778586892344026,0.21393426490848258,0.28498327100964377,LncRNA
NONHSAT054162,0.23843268028345144,0.23884952063359732,0.21592330137557317,0.3067944977073781,LncRNA
NONHSAT054916,0.26387124099957643,0.1941973739940703,0.22066920796272765,0.3212621770436256,LncRNA
NONHSAT056048,0.24502212389380532,0.21902654867256638,0.2323008849557522,0.3036504424778761,LncRNA
NONHSAT056426,0.22344099126548853,0.2736136502132846,0.3148486695104611,0.1880966890107658,LncRNA
NONHSAT056552,0.2046488125315816,0.3102577059120768,0.3097524002021223,0.1753410813542193,LncRNA
NONHSAT056826,0.3170731707317073,0.1719512195121951,0.19308943089430894,0.3178861788617886,LncRNA
NONHSAT060959,0.273542600896861,0.16412556053811658,0.15515695067264573,0.40717488789237666,LncRNA
NONHSAT063868,0.258160237388724,0.22763883001271726,0.2344213649851632,0.2797795676133955,LncRNA
NONHSAT063901,0.3261538461538461,0.19589743589743588,0.18051282051282053,0.29743589743589743,LncRNA
NONHSAT063997,0.24725983236621535,0.19696969696969696,0.18375241779497098,0.3720180528691167,LncRNA
NONHSAT064038,0.2563443623514295,0.2428525538066174,0.2460648891744298,0.2547381946675233,LncRNA
NONHSAT064215,0.22655663915978994,0.28507126781695424,0.30307576894223553,0.18529632408102026,LncRNA
NONHSAT066046,0.2536082474226804,0.2304123711340206,0.2097938144329897,0.3061855670103093,LncRNA
NONHSAT066144,0.30935251798561153,0.18129496402877698,0.1553956834532374,0.3539568345323741,LncRNA
NONHSAT066677,0.29736673089274246,0.17469492614001284,0.18914579319203598,0.33879254977520873,LncRNA
NONHSAT069763,0.21241830065359477,0.27712418300653596,0.2669934640522876,0.2434640522875817,LncRNA
NONHSAT069972,0.31683470821875953,0.1759853345554537,0.17873510540788268,0.32844485181790406,LncRNA
NONHSAT070699,0.2947916666666667,0.19479166666666667,0.18854166666666666,0.321875,LncRNA
NONHSAT070922,0.2671641791044776,0.2298507462686567,0.2026865671641791,0.30029850746268655,LncRNA
NONHSAT072984,0.29912901469787695,0.18671747414262385,0.2215568862275449,0.29259662493195426,LncRNA
NONHSAT074905,0.3090069284064665,0.17598152424942262,0.1976905311778291,0.3173210161662818,LncRNA
NONHSAT075170,0.2898611695414388,0.1817416912074043,0.1800588977702987,0.34833824148085824,LncRNA
NONHSAT075752,0.24338235294117647,0.23455882352941176,0.22058823529411764,0.3014705882352941,LncRNA
NONHSAT076543,0.27365728900255754,0.19948849104859334,0.27877237851662406,0.24808184143222506,LncRNA
NONHSAT076663,0.29678638941398866,0.16446124763705103,0.18100189035916825,0.35775047258979203,LncRNA
NONHSAT077129,0.28394186458702586,0.20170152428216945,0.20063807160581354,0.3137185395249911,LncRNA
NONHSAT078941,0.26646706586826346,0.24033750680457266,0.24850299401197604,0.2446924333151878,LncRNA
NONHSAT079674,0.18552036199095023,0.2854449472096531,0.2692307692307692,0.25980392156862747,LncRNA
NONHSAT081046,0.03411131059245961,0.40394973070017953,0.4129263913824057,0.1490125673249551,LncRNA
NONHSAT081608,0.2959363957597173,0.19964664310954064,0.20053003533568906,0.303886925795053,LncRNA
NONHSAT082006,0.30124223602484473,0.18426501035196688,0.2111801242236025,0.3033126293995859,LncRNA
NONHSAT082239,0.2576164874551971,0.22759856630824374,0.22804659498207885,0.2867383512544803,LncRNA
NONHSAT082933,0.21690103475723002,0.26147519235871586,0.28482356062616077,0.23680021225789333,LncRNA
NONHSAT087418,0.21189591078066913,0.24948368442792235,0.2825278810408922,0.25609252375051633,LncRNA
NONHSAT087600,0.3075734157650695,0.17001545595054096,0.1839258114374034,0.3384853168469861,LncRNA
NONHSAT087772,0.29389312977099236,0.17502726281352235,0.1935659760087241,0.33751363140676116,LncRNA
NONHSAT088370,0.27439024390243905,0.2091728525980912,0.2187168610816543,0.29772004241781547,LncRNA
NONHSAT090407,0.3065837807290195,0.1692568522181407,0.1980785532636338,0.326080813789206,LncRNA
NONHSAT091524,0.29287392325763506,0.16914643696162882,0.18324197337509787,0.3547376664056382,LncRNA
NONHSAT092691,0.3367378520581863,0.18601052305787683,0.1705354379449087,0.3067161869390282,LncRNA
NONHSAT093392,0.3025900189513582,0.180669614655717,0.16298168035375868,0.35375868603916616,LncRNA
NONHSAT093966,0.30385015608740895,0.13423517169614985,0.17377731529656607,0.3881373569198751,LncRNA
NONHSAT095570,0.3163167938931298,0.125,0.18463740458015268,0.37404580152671757,LncRNA
NONHSAT095799,0.26859214218896166,0.1977315247895229,0.21538821328344246,0.31828811973807297,LncRNA
NONHSAT096694,0.24844290657439447,0.2422145328719723,0.23183391003460208,0.2775086505190311,LncRNA
NONHSAT097804,0.2979011509817197,0.21191604603926878,0.1997291807718348,0.2904536222071767,LncRNA
NONHSAT098196,0.2942443828870422,0.16435826408125578,0.19190520160049246,0.3494921514312096,LncRNA
NONHSAT098243,0.31496062992125984,0.1732283464566929,0.16968503937007873,0.3421259842519685,LncRNA
NONHSAT099046,0.32592592592592595,0.16941457586618877,0.195221027479092,0.3094384707287933,LncRNA
NONHSAT099430,0.26156141223272006,0.24527598209845847,0.23557931377424168,0.2575832918945798,LncRNA
NONHSAT100800,0.25,0.22482014388489208,0.23201438848920863,0.2931654676258993,LncRNA
NONHSAT101022,0.3222354340071344,0.15291319857312724,0.15766944114149822,0.3671819262782402,LncRNA
NONHSAT101269,0.24618556701030928,0.28824742268041237,0.2672164948453608,0.19835051546391752,LncRNA
NONHSAT101350,0.28413284132841327,0.18450184501845018,0.24723247232472326,0.28413284132841327,LncRNA
NONHSAT101354,0.3267828843106181,0.15530903328050713,0.19461172741679872,0.3232963549920761,LncRNA
NONHSAT102296,0.3054545454545455,0.20099173553719007,0.18545454545454546,0.308099173553719,LncRNA
NONHSAT102608,0.2977893368010403,0.15669700910273082,0.17425227568270482,0.3712613784135241,LncRNA
NONHSAT103133,0.3184171597633136,0.20229289940828402,0.19230769230769232,0.2869822485207101,LncRNA
NONHSAT103296,0.3254146122814881,0.16001792917974003,0.17122366651725685,0.343343792021515,LncRNA
NONHSAT103374,0.26576576576576577,0.21486486486486486,0.18243243243243243,0.33693693693693694,LncRNA
NONHSAT104294,0.28310214375788145,0.21437578814627994,0.21563682219419925,0.28688524590163933,LncRNA
NONHSAT108196,0.28864013776985054,0.20800787256288825,0.20204194599913894,0.30131004366812225,LncRNA
NONHSAT108382,0.25594059405940595,0.21683168316831683,0.1599009900990099,0.3673267326732673,LncRNA
NONHSAT112844,0.2576642335766423,0.20583941605839415,0.23868613138686132,0.29781021897810217,LncRNA
NONHSAT113481,0.3120225170888621,0.14435062324085243,0.18697225572979492,0.35665460394049053,LncRNA
NONHSAT113844,0.3394495412844037,0.14950730547060823,0.1800883452259599,0.3309548080190282,LncRNA
NONHSAT114467,0.2733673649005457,0.2136947720471748,0.24062665023763422,0.2723112128146453,LncRNA
NONHSAT114486,0.31226765799256506,0.19537381247418423,0.20859149111937217,0.28376703841387857,LncRNA
NONHSAT114788,0.322921249450066,0.1469423669159701,0.15266168059832821,0.37747470303563574,LncRNA
NONHSAT114823,0.35334476843910806,0.16295025728987994,0.20240137221269297,0.28130360205831906,LncRNA
NONHSAT115652,0.2331288343558282,0.22699386503067484,0.19631901840490798,0.34355828220858897,LncRNA
NONHSAT119664,0.2547892720306513,0.24904214559386972,0.2624521072796935,0.23371647509578544,LncRNA
NONHSAT119864,0.28969452836522325,0.17992614971466936,0.1908358509566969,0.33954347096341053,LncRNA
NONHSAT119987,0.4173728813559322,0.13771186440677965,0.1483050847457627,0.2966101694915254,LncRNA
NONHSAT120522,0.27384615384615385,0.1717948717948718,0.20205128205128206,0.3523076923076923,LncRNA
NONHSAT121005,0.3022234422179522,0.16167993412023057,0.18226736206423277,0.35382926159758443,LncRNA
NONHSAT121038,0.26159420289855073,0.3210144927536232,0.1644927536231884,0.2528985507246377,LncRNA
NONHSAT121615,0.2591093117408907,0.2145748987854251,0.2479757085020243,0.2783400809716599,LncRNA
NONHSAT122160,0.19067357512953367,0.27357512953367874,0.24974093264248703,0.2860103626943005,LncRNA
NONHSAT122291,0.3071528751753156,0.15988779803646563,0.2211313697989715,0.3118279569892473,LncRNA
NONHSAT122460,0.30042553191489363,0.23914893617021277,0.2642553191489362,0.19617021276595745,LncRNA
NONHSAT123513,0.3146005509641873,0.1746556473829201,0.18236914600550963,0.32837465564738294,LncRNA
NONHSAT124073,0.231619209519762,0.2776597251735373,0.2887094489304434,0.20201161637625725,LncRNA
NONHSAT124273,0.18764172335600907,0.28174603174603174,0.32653061224489793,0.20408163265306123,LncRNA
NONHSAT124334,0.1879049676025918,0.3002159827213823,0.3434125269978402,0.16846652267818574,LncRNA
NONHSAT124467,0.2785368003525782,0.17276333186425738,0.1974438078448656,0.35125605993829884,LncRNA
NONHSAT125265,0.3418230563002681,0.16398570151921357,0.1742627345844504,0.3199285075960679,LncRNA
NONHSAT125439,0.31212540341171047,0.17196864914707238,0.18626094974642693,0.3296449976947902,LncRNA
NONHSAT125784,0.24692288369756343,0.2542074855563929,0.21703089675960813,0.28183873398643555,LncRNA
NONHSAT126086,0.28369970966403985,0.173372044794691,0.1932807963500622,0.349647449191207,LncRNA
NONHSAT127001,0.2971130713712911,0.19286287089013632,0.17321571772253408,0.3368083400160385,LncRNA
NONHSAT127056,0.23584173778122575,0.22498060512024826,0.23972071373157486,0.2994569433669511,LncRNA
NONHSAT127201,0.3087885985748218,0.19263657957244656,0.19572446555819478,0.3028503562945368,LncRNA
NONHSAT128043,0.28814159292035396,0.21557522123893805,0.20707964601769913,0.28920353982300884,LncRNA
NONHSAT128045,0.28633031479085813,0.19491159982751186,0.21517895644674429,0.3035791289348857,LncRNA
NONHSAT129049,0.2328526890101325,0.2564302416212003,0.26636788776305537,0.24434918160561184,LncRNA
NONHSAT131106,0.2880184331797235,0.13940092165898618,0.22119815668202766,0.3513824884792627,LncRNA
NONHSAT133696,0.3184949655537891,0.16958134605193428,0.17700052994170642,0.3349231584525702,LncRNA
NONHSAT133713,0.38768369489153254,0.17844646606018194,0.16445066480055984,0.26941917424772566,LncRNA
NONHSAT133997,0.2633570792520036,0.20636687444345503,0.22128227960819233,0.3089937666963491,LncRNA
NONHSAT137611,0.26798709780609387,0.18644203342841148,0.1984645322954709,0.3471063364700237,LncRNA
NONHSAT137675,0.3240270727580372,0.14805414551607446,0.2233502538071066,0.30456852791878175,LncRNA
NONHSAT138089,0.31492666091458155,0.2092320966350302,0.21397756686798963,0.2618636755823986,LncRNA
NONHSAT138143,0.31015239321742866,0.1880231809401159,0.17106675252200043,0.330757673320455,LncRNA
NONHSAT139215,0.40924092409240925,0.19471947194719472,0.2838283828382838,0.11221122112211221,LncRNA
NONHSAT139226,0.28768267223382044,0.20960334029227556,0.2196242171189979,0.28308977035490607,LncRNA
NONHSAT142400,0.31066176470588236,0.15625,0.19117647058823528,0.34191176470588236,LncRNA
NONHSAT142607,0.308974358974359,0.17264957264957265,0.1829059829059829,0.33547008547008544,LncRNA
NONHSAT145165,0.28311057108140947,0.22174969623329283,0.20534629404617255,0.28979343863912516,LncRNA
NONHSAT145455,0.2600912600912601,0.2516672516672517,0.1797121797121797,0.30852930852930854,LncRNA
NONHSAT000090,0.3113026819923372,0.3333333333333333,0.09770114942528736,0.25766283524904215,LncRNA
NONHSAT000416,0.23847112588284172,0.30245118404653093,0.27378479434981307,0.18529289572081428,LncRNA
NONHSAT002967,0.3067193675889328,0.18023715415019761,0.2189723320158103,0.2940711462450593,LncRNA
NONHSAT003132,0.290989010989011,0.1920879120879121,0.18681318681318682,0.3301098901098901,LncRNA
NONHSAT004237,0.2981991525423729,0.194385593220339,0.17902542372881355,0.3283898305084746,LncRNA
NONHSAT004284,0.3091168091168091,0.21296296296296297,0.2094017094017094,0.26851851851851855,LncRNA
NONHSAT004624,0.23486238532110093,0.291131498470948,0.23547400611620795,0.23853211009174313,LncRNA
NONHSAT005198,0.2861749294639258,0.1841999193873438,0.2071745264006449,0.32245062474808545,LncRNA
NONHSAT005306,0.3081395348837209,0.2136627906976744,0.21179401993355482,0.2664036544850498,LncRNA
NONHSAT005505,0.27324298770879296,0.2130475890324614,0.16482823826032147,0.3488811849984242,LncRNA
NONHSAT006254,0.2951181798100287,0.1910757676165231,0.19041307709299757,0.32339297548045065,LncRNA
NONHSAT006319,0.27058232931726905,0.2389558232931727,0.2319277108433735,0.25853413654618473,LncRNA
NONHSAT006480,0.2803988326848249,0.19941634241245138,0.21084630350194553,0.3093385214007782,LncRNA
NONHSAT006710,0.21893491124260356,0.31952662721893493,0.22907861369399832,0.23245984784446322,LncRNA
NONHSAT006903,0.2191185599006828,0.28274363749224085,0.28584729981378026,0.2122905027932961,LncRNA
NONHSAT007037,0.3007600434310532,0.20249728555917482,0.16069489685124863,0.3360477741585233,LncRNA
NONHSAT007664,0.2750294464075383,0.1955241460541814,0.22673733804475854,0.3027090694935218,LncRNA
NONHSAT009495,0.3106951871657754,0.1679144385026738,0.15133689839572192,0.3700534759358289,LncRNA
NONHSAT010174,0.27936670071501535,0.24514811031664965,0.21756894790602654,0.2579162410623085,LncRNA
NONHSAT011558,0.34539473684210525,0.18914473684210525,0.16611842105263158,0.2993421052631579,LncRNA
NONHSAT011709,0.28137254901960784,0.2107843137254902,0.1931372549019608,0.31470588235294117,LncRNA
NONHSAT015165,0.26825529542920845,0.19607023411371238,0.24400780379041248,0.2916666666666667,LncRNA
NONHSAT015967,0.22582921665490474,0.30804516584333097,0.2057163020465773,0.26040931545518703,LncRNA
NONHSAT016118,0.2662586074980872,0.24254016832440703,0.2410099464422341,0.2501912777352716,LncRNA
NONHSAT018082,0.2967337416156314,0.19378827646544183,0.23432487605715951,0.2751531058617673,LncRNA
NONHSAT018085,0.2905708787684413,0.2386144964720975,0.2283515073765234,0.24246311738293777,LncRNA
NONHSAT023638,0.34167385677308026,0.15185504745470232,0.15789473684210525,0.3485763589301122,LncRNA
NONHSAT023788,0.32643884892086333,0.19784172661870503,0.1564748201438849,0.3192446043165468,LncRNA
NONHSAT023992,0.26763285024154587,0.18816425120772948,0.16111111111111112,0.38309178743961353,LncRNA
NONHSAT024858,0.23360135421074904,0.256453660600931,0.2496826068556919,0.260262378332628,LncRNA
NONHSAT025325,0.26025236593059936,0.21892744479495269,0.17886435331230283,0.3419558359621451,LncRNA
NONHSAT026210,0.25193525686136525,0.22800844475721324,0.25967628430682616,0.2603800140745954,LncRNA
NONHSAT027609,0.32325383304940375,0.1511925042589438,0.17035775127768313,0.35519591141396933,LncRNA
NONHSAT027801,0.33626198083067094,0.15854632587859424,0.16693290734824281,0.33825878594249204,LncRNA
NONHSAT029248,0.2694063926940639,0.2263535551206784,0.182648401826484,0.32159165035877363,LncRNA
NONHSAT029682,0.3333333333333333,0.1691762621789194,0.17183348095659876,0.3256569235311485,LncRNA
NONHSAT030759,0.27139874739039666,0.20772442588726514,0.25052192066805845,0.27035490605427975,LncRNA
NONHSAT030961,0.2583778533268577,0.22000971345313258,0.22583778533268578,0.29577464788732394,LncRNA
NONHSAT031176,0.26727240014393666,0.23596617488305147,0.23821518531845987,0.258546239654552,LncRNA
NONHSAT032437,0.29938605994944023,0.1693752257132539,0.19357168652943302,0.3376670278078729,LncRNA
NONHSAT033191,0.2919191919191919,0.17373737373737375,0.1707070707070707,0.36363636363636365,LncRNA
NONHSAT033606,0.2485186476124085,0.24573021958870686,0.23074241896131056,0.2750087138375741,LncRNA
NONHSAT034218,0.3165236051502146,0.17060085836909872,0.15021459227467812,0.3626609442060086,LncRNA
NONHSAT034532,0.3175,0.2375,0.28,0.165,LncRNA
NONHSAT034904,0.2412472647702407,0.24507658643326038,0.2412472647702407,0.2724288840262582,LncRNA
NONHSAT035663,0.26191292423723,0.22557422008913267,0.18769283510455947,0.3248200205690778,LncRNA
NONHSAT035952,0.2777978993118435,0.2289025715320536,0.21405287939152481,0.279246649764578,LncRNA
NONHSAT035954,0.26376146788990823,0.23787680209698558,0.2283748361730013,0.2699868938401048,LncRNA
NONHSAT036790,0.31418624891209745,0.18102697998259357,0.20060922541340295,0.304177545691906,LncRNA
NONHSAT037119,0.3274265002013693,0.16592831252517115,0.22150624244865083,0.2851389448248087,LncRNA
NONHSAT037203,0.3507255325717814,0.1926520531028095,0.17845013893176906,0.27817227539364003,LncRNA
NONHSAT037642,0.23623853211009174,0.21330275229357798,0.1811926605504587,0.36926605504587157,LncRNA
NONHSAT037763,0.2968236582694414,0.21467688937568455,0.16538882803943045,0.3231106243154436,LncRNA
NONHSAT041381,0.26556521739130434,0.2165217391304348,0.244,0.27391304347826084,LncRNA
NONHSAT041714,0.3034288398309065,0.18882104274307188,0.17426021606387976,0.33348990136214185,LncRNA
NONHSAT042264,0.27970939283860924,0.22158796056045668,0.23404255319148937,0.26466009340944474,LncRNA
NONHSAT046853,0.30924603865575484,0.21121365140170642,0.20825352603169076,0.271286783910848,LncRNA
NONHSAT047051,0.29003021148036257,0.20166163141993956,0.1971299093655589,0.311178247734139,LncRNA
NONHSAT047895,0.3039291217257319,0.1837442218798151,0.20801232665639446,0.30431432973805855,LncRNA
NONHSAT047999,0.22262964903090623,0.2786799371398638,0.24044002095337874,0.2582503928758512,LncRNA
NONHSAT048052,0.19933554817275748,0.29941860465116277,0.33430232558139533,0.1669435215946844,LncRNA
NONHSAT048175,0.2744370860927152,0.1952317880794702,0.22728476821192053,0.30304635761589405,LncRNA
NONHSAT050868,0.2981494174091844,0.17340644276901987,0.18368745716244003,0.3447566826593557,LncRNA
NONHSAT052812,0.25775193798449614,0.24160206718346253,0.2719638242894057,0.22868217054263565,LncRNA
NONHSAT053069,0.23852520692249812,0.24868322046651617,0.27012791572610984,0.24266365688487584,LncRNA
NONHSAT054253,0.2512333965844402,0.2504743833017078,0.2675521821631879,0.23074003795066414,LncRNA
NONHSAT054265,0.22795497185741087,0.26172607879924953,0.27439024390243905,0.23592870544090055,LncRNA
NONHSAT054793,0.30979827089337175,0.2132564841498559,0.1642651296829971,0.3126801152737752,LncRNA
NONHSAT054798,0.315668202764977,0.1858678955453149,0.16589861751152074,0.3325652841781874,LncRNA
NONHSAT055307,0.2526205450733753,0.2697414395527603,0.25960866526904264,0.2180293501048218,LncRNA
NONHSAT056047,0.24490835030549898,0.23217922606924643,0.2230142566191446,0.29989816700611,LncRNA
NONHSAT057067,0.273920174958994,0.21468926553672316,0.2256242026608347,0.28576635684344814,LncRNA
NONHSAT059017,0.3391153512575889,0.18126626192541198,0.18430182133564615,0.295316565481353,LncRNA
NONHSAT059059,0.31039046988749175,0.1601588352084712,0.18266048974189278,0.34679020516214426,LncRNA
NONHSAT059613,0.27750906892382105,0.17896009673518742,0.22853688029020555,0.31499395405078595,LncRNA
NONHSAT060458,0.22649842271293374,0.29337539432176657,0.29842271293375394,0.18170347003154574,LncRNA
NONHSAT064003,0.18823529411764706,0.2963235294117647,0.2676470588235294,0.24779411764705883,LncRNA
NONHSAT066343,0.334855403348554,0.1567732115677321,0.167427701674277,0.3409436834094368,LncRNA
NONHSAT066662,0.2927700089259149,0.21600714073192503,0.19012198750371914,0.30110086283844095,LncRNA
NONHSAT066972,0.21734169994295494,0.28978893325727323,0.28864803194523675,0.20422133485453509,LncRNA
NONHSAT067336,0.20388349514563106,0.3076136944302504,0.2120592743995912,0.2764435360245273,LncRNA
NONHSAT067968,0.2552648372686662,0.24952137843012126,0.23037651563497127,0.26483726866624124,LncRNA
NONHSAT068277,0.24284844796104688,0.2446743761412051,0.23371880706025563,0.2787583688374924,LncRNA
NONHSAT068391,0.17361376673040152,0.32848948374760994,0.27609942638623325,0.22179732313575526,LncRNA
NONHSAT070692,0.21379897785349233,0.17504258943781942,0.196763202725724,0.41439522998296424,LncRNA
NONHSAT071501,0.245136186770428,0.22114137483787288,0.23735408560311283,0.29636835278858625,LncRNA
NONHSAT071670,0.318696397941681,0.18730703259005146,0.21337907375643225,0.2806174957118353,LncRNA
NONHSAT071769,0.2655449890270666,0.2692026335040234,0.16386247256766642,0.3013899049012436,LncRNA
NONHSAT072081,0.2523827678231033,0.260770110560427,0.248570339306138,0.23827678231033167,LncRNA
NONHSAT072363,0.2628112780407491,0.26342868903066474,0.25519654249845647,0.21856349043012965,LncRNA
NONHSAT073620,0.3261455525606469,0.20653638814016173,0.23214285714285715,0.23517520215633422,LncRNA
NONHSAT073831,0.3008438818565401,0.17383966244725738,0.2008438818565401,0.32447257383966244,LncRNA
NONHSAT074193,0.26961483594864477,0.22182596291012838,0.2524964336661912,0.25606276747503565,LncRNA
NONHSAT074544,0.2822429906542056,0.25794392523364484,0.21682242990654205,0.24299065420560748,LncRNA
NONHSAT074964,0.3072354211663067,0.1808855291576674,0.19087473002159827,0.32100431965442766,LncRNA
NONHSAT075169,0.2914702100300043,0.1808829832833262,0.17916845263609088,0.34847835405057864,LncRNA
NONHSAT075801,0.27538970240906946,0.2135096835144072,0.19036372224846482,0.3207368918280586,LncRNA
NONHSAT075859,0.2861111111111111,0.18055555555555555,0.22777777777777777,0.3055555555555556,LncRNA
NONHSAT076664,0.31696225557071395,0.17871759890859482,0.19918144611186903,0.3051386994088222,LncRNA
NONHSAT078100,0.29514824797843664,0.23000898472596587,0.25336927223719674,0.22147349505840072,LncRNA
NONHSAT078261,0.23955191727703576,0.2520465316673847,0.2089616544592848,0.2994398965962947,LncRNA
NONHSAT079340,0.23002523128679564,0.25988225399495374,0.2375946173254836,0.27249789739276703,LncRNA
NONHSAT082353,0.18070175438596492,0.25877192982456143,0.2548245614035088,0.3057017543859649,LncRNA
NONHSAT083214,0.21580928481806774,0.24466750313676286,0.22772898368883313,0.31179422835633624,LncRNA
NONHSAT084422,0.28847435043304465,0.23584277148567623,0.2698201199200533,0.20586275816122585,LncRNA
NONHSAT084534,0.2535171637591446,0.2509848058525605,0.2386043894203714,0.25689364096792344,LncRNA
NONHSAT084833,0.2744504409635382,0.21626958009740688,0.21521653284191128,0.29406344609714363,LncRNA
NONHSAT084838,0.27563488260661234,0.2110685194058457,0.20651653090560612,0.3067800670819358,LncRNA
NONHSAT088334,0.2851425712856428,0.21560780390195097,0.23261630815407705,0.2666333166583292,LncRNA
NONHSAT088514,0.3,0.1878048780487805,0.15691056910569107,0.35528455284552846,LncRNA
NONHSAT089495,0.2533026995979322,0.25904652498564046,0.18322802986789202,0.3044227455485353,LncRNA
NONHSAT090006,0.2801857585139319,0.20704334365325078,0.19156346749226005,0.32120743034055727,LncRNA
NONHSAT090178,0.30123743232791955,0.20494972931167826,0.19644238205723125,0.29737045630317094,LncRNA
NONHSAT092227,0.2775384615384615,0.22215384615384615,0.18092307692307694,0.3193846153846154,LncRNA
NONHSAT093003,0.2768166089965398,0.2338111715274345,0.2476520019772615,0.2417202174987642,LncRNA
NONHSAT093004,0.3336470588235294,0.1635294117647059,0.188,0.3148235294117647,LncRNA
NONHSAT093388,0.34394124847001223,0.17258261933904528,0.16156670746634028,0.3219094247246022,LncRNA
NONHSAT094312,0.24844895657078397,0.21968415115623238,0.23660462492949802,0.2952622673434856,LncRNA
NONHSAT095738,0.3033122441384444,0.1857089691105322,0.19501302567919612,0.31596576107182733,LncRNA
NONHSAT096618,0.3533180778032037,0.1588100686498856,0.14462242562929062,0.34324942791762014,LncRNA
NONHSAT096929,0.28175618073316283,0.2510656436487639,0.2237851662404092,0.24339300937766412,LncRNA
NONHSAT097252,0.2990363692881567,0.20935654336338202,0.17982592477463474,0.31178116257382654,LncRNA
NONHSAT097499,0.24352671255326122,0.20517862995739103,0.1930514585381842,0.3582431989511636,LncRNA
NONHSAT097985,0.19590443686006825,0.3583617747440273,0.2150170648464164,0.23071672354948805,LncRNA
NONHSAT098084,0.325115562403698,0.17750385208012326,0.1987673343605547,0.29861325115562404,LncRNA
NONHSAT098132,0.30642309958750735,0.20506776664702417,0.19858573954036535,0.2899233942251031,LncRNA
NONHSAT098133,0.33737480231945177,0.16868740115972589,0.17501317870321562,0.3189246178176067,LncRNA
NONHSAT098514,0.27312775330396477,0.21861233480176212,0.17455947136563876,0.33370044052863435,LncRNA
NONHSAT099505,0.27549668874172184,0.2304635761589404,0.2119205298013245,0.28211920529801326,LncRNA
NONHSAT101622,0.3137254901960784,0.16355810616929697,0.19416547106647536,0.3285509325681492,LncRNA
NONHSAT101769,0.38881664499349805,0.1729518855656697,0.16905071521456436,0.26918075422626786,LncRNA
NONHSAT102289,0.33882783882783885,0.1813186813186813,0.21978021978021978,0.2600732600732601,LncRNA
NONHSAT102442,0.2779012894619831,0.21164962205424634,0.24811027123165852,0.26233881725211206,LncRNA
NONHSAT102797,0.29850746268656714,0.2228855721393035,0.22885572139303484,0.24975124378109453,LncRNA
NONHSAT103491,0.32938026013772,0.15493496557000766,0.16564651874521805,0.3500382555470543,LncRNA
NONHSAT103651,0.33154182062479004,0.15653342290896877,0.19919381928115554,0.31273093718508566,LncRNA
NONHSAT104073,0.2043935052531041,0.2836676217765043,0.25405921680993315,0.25787965616045844,LncRNA
NONHSAT105448,0.26286314315715786,0.29051452572628633,0.24291214560728036,0.20371018550927547,LncRNA
NONHSAT108616,0.2850439882697947,0.22609970674486804,0.23826979472140764,0.25058651026392964,LncRNA
NONHSAT108627,0.26623725174449814,0.2463768115942029,0.23295759527643586,0.25442834138486314,LncRNA
NONHSAT112119,0.255734504636408,0.22938018545632016,0.24011713030746706,0.27476817959980476,LncRNA
NONHSAT112124,0.2662156784719459,0.21727019498607242,0.23318742538798248,0.2833267011539992,LncRNA
NONHSAT112767,0.29606048547552727,0.20652606446478314,0.1770791882212495,0.3203342618384401,LncRNA
NONHSAT114816,0.3012884043607532,0.199207135777998,0.18698381235546746,0.3125206475057813,LncRNA
NONHSAT115641,0.24920127795527156,0.2149703331811958,0.23413966225467822,0.30168872660885443,LncRNA
NONHSAT115733,0.38114754098360654,0.21721311475409835,0.15163934426229508,0.25,LncRNA
NONHSAT119809,0.2330567081604426,0.26123789764868605,0.2520746887966805,0.25363070539419086,LncRNA
NONHSAT120000,0.26097087378640776,0.24776699029126215,0.27067961165048543,0.22058252427184466,LncRNA
NONHSAT120307,0.32274809160305346,0.17404580152671756,0.17893129770992366,0.3242748091603053,LncRNA
NONHSAT122625,0.28489208633093527,0.19424460431654678,0.2143884892086331,0.3064748201438849,LncRNA
NONHSAT123063,0.3058321479374111,0.20388809862494073,0.21052631578947367,0.2797534376481745,LncRNA
NONHSAT123136,0.27237245609144134,0.20588235294117646,0.18873710621689435,0.3330080847504879,LncRNA
NONHSAT123221,0.2523191094619666,0.30612244897959184,0.22077922077922077,0.22077922077922077,LncRNA
NONHSAT123693,0.2856159669649002,0.18261069052534984,0.20853406744666209,0.32323927506308786,LncRNA
NONHSAT124106,0.2066905615292712,0.32855436081242534,0.23775388291517324,0.2270011947431302,LncRNA
NONHSAT124436,0.261028293276544,0.22421661089139033,0.19622756312747186,0.31852753270459383,LncRNA
NONHSAT125622,0.2890818858560794,0.1674937965260546,0.1774193548387097,0.36600496277915634,LncRNA
NONHSAT125791,0.2408187838651415,0.25285972305839854,0.2299819385912101,0.2763395544852498,LncRNA
NONHSAT125946,0.3101555352241537,0.2131747483989021,0.1838975297346752,0.292772186642269,LncRNA
NONHSAT128188,0.27691973025886446,0.21252991081139874,0.1970850554709593,0.3134653034587775,LncRNA
NONHSAT130006,0.35508849557522126,0.18030973451327434,0.1570796460176991,0.3075221238938053,LncRNA
NONHSAT130018,0.31888676439345653,0.15232632249840664,0.16995963458678565,0.35882727852135116,LncRNA
NONHSAT130404,0.30287310454908223,0.2114924181963288,0.1827613727055068,0.30287310454908223,LncRNA
NONHSAT130775,0.31681681681681684,0.20495495495495494,0.21496496496496498,0.26326326326326327,LncRNA
NONHSAT130782,0.3132497273718648,0.19383860414394766,0.18920392584514723,0.3037077426390403,LncRNA
NONHSAT131072,0.253183051554999,0.22229179711959926,0.2521394280943436,0.27238572323105825,LncRNA
NONHSAT131104,0.23314531291968843,0.2570507655116841,0.22105828632822994,0.28874563524039754,LncRNA
NONHSAT131173,0.2965714285714286,0.21657142857142858,0.228,0.25885714285714284,LncRNA
NONHSAT132848,0.2777777777777778,0.22023809523809523,0.20238095238095238,0.2996031746031746,LncRNA
NONHSAT132849,0.245088868101029,0.2432179607109448,0.20860617399438727,0.3030869971936389,LncRNA
NONHSAT133739,0.28681253696037845,0.22057953873447664,0.18805440567711412,0.30455351862803076,LncRNA
NONHSAT133935,0.2891513560804899,0.17060367454068243,0.15441819772528434,0.3858267716535433,LncRNA
NONHSAT134684,0.27163323782234955,0.27392550143266475,0.23008595988538683,0.22435530085959884,LncRNA
NONHSAT136900,0.28436516264428124,0.20514165792235048,0.1484784889821616,0.3620146904512067,LncRNA
NONHSAT137303,0.24285714285714285,0.3157142857142857,0.18285714285714286,0.25857142857142856,LncRNA
NONHSAT137988,0.27512977819726286,0.19867862199150543,0.2147239263803681,0.3114676734308636,LncRNA
NONHSAT137990,0.29852216748768473,0.2246305418719212,0.23645320197044334,0.24039408866995074,LncRNA
NONHSAT141063,0.2413582135209544,0.26032425818293053,0.2857142857142857,0.2126032425818293,LncRNA
NONHSAT146130,0.246705710102489,0.2547584187408492,0.23389458272327965,0.26464128843338214,LncRNA
NONHSAT146396,0.2558647026732133,0.2176759410801964,0.24331696672122205,0.28314238952536824,LncRNA
NONHSAT146833,0.26618705035971224,0.19032047089601045,0.2262916939175932,0.3172007848266841,LncRNA
NONHSAT000092,0.2838616714697406,0.3184438040345821,0.14121037463976946,0.2564841498559078,LncRNA
NONHSAT000786,0.236,0.23975,0.2755,0.24875,LncRNA
NONHSAT001063,0.2232796486090776,0.28550512445095166,0.30453879941434847,0.18667642752562225,LncRNA
NONHSAT001969,0.2845849802371542,0.18708827404479578,0.25428194993412384,0.2740447957839262,LncRNA
NONHSAT004185,0.31458919087785064,0.16713527022805375,0.1852546079350203,0.3330209309590753,LncRNA
NONHSAT005809,0.3063118811881188,0.17182343234323433,0.19224422442244224,0.3296204620462046,LncRNA
NONHSAT009463,0.3217391304347826,0.16869565217391305,0.21739130434782608,0.2921739130434783,LncRNA
NONHSAT031120,0.2384161752316765,0.2552653748946925,0.2931760741364785,0.21314237573715247,LncRNA
NONHSAT031461,0.20979955456570157,0.26325167037861913,0.288641425389755,0.2383073496659243,LncRNA
NONHSAT031584,0.19427083333333334,0.32447916666666665,0.31302083333333336,0.16822916666666668,LncRNA
NONHSAT033355,0.30202637504020585,0.1791572853007398,0.20102926986169187,0.3177870697973625,LncRNA
NONHSAT037134,0.23508771929824562,0.20701754385964913,0.27017543859649124,0.28771929824561404,LncRNA
NONHSAT040802,0.3048832271762208,0.20934182590233547,0.2522292993630573,0.23354564755838642,LncRNA
NONHSAT040814,0.18692543411644535,0.2819203268641471,0.30132788559754853,0.22982635342185903,LncRNA
NONHSAT041505,0.23221266614542613,0.3080531665363565,0.2869429241594996,0.17279124315871774,LncRNA
NONHSAT052809,0.1801566579634465,0.3263707571801567,0.3113577023498694,0.1821148825065274,LncRNA
NONHSAT053816,0.22142857142857142,0.2542857142857143,0.22,0.30428571428571427,LncRNA
NONHSAT054133,0.2559322033898305,0.24322033898305084,0.22372881355932203,0.2771186440677966,LncRNA
NONHSAT054306,0.2829512893982808,0.2356733524355301,0.24498567335243554,0.23638968481375358,LncRNA
NONHSAT055064,0.2318840579710145,0.23832528180354268,0.27053140096618356,0.25925925925925924,LncRNA
NONHSAT055460,0.2570356472795497,0.2305012061109622,0.2406861431251675,0.27177700348432055,LncRNA
NONHSAT071835,0.3171222538990441,0.18178769075968473,0.2000670803286936,0.3010229750125776,LncRNA
NONHSAT073821,0.2558441558441558,0.21428571428571427,0.2636363636363636,0.2662337662337662,LncRNA
NONHSAT074576,0.3301526717557252,0.16364503816793893,0.19990458015267176,0.3062977099236641,LncRNA
NONHSAT083698,0.2,0.2623376623376623,0.35584415584415585,0.18181818181818182,LncRNA
NONHSAT090759,0.39589905362776023,0.21608832807570977,0.16246056782334384,0.22555205047318613,LncRNA
NONHSAT094182,0.27512776831345825,0.2342419080068143,0.24409832075930885,0.2465320029204186,LncRNA
NONHSAT101970,0.29995427526291724,0.19135802469135801,0.20987654320987653,0.2988111568358482,LncRNA
NONHSAT102415,0.3373362445414847,0.25436681222707425,0.19104803493449782,0.21724890829694324,LncRNA
NONHSAT103600,0.2413793103448276,0.25287356321839083,0.219435736677116,0.28631138975966564,LncRNA
NONHSAT114468,0.2619589977220957,0.20227790432801823,0.2214123006833713,0.3143507972665148,LncRNA
NONHSAT115703,0.32263242375601925,0.22953451043338685,0.21669341894060995,0.23113964686998395,LncRNA
NONHSAT119518,0.2541270635317659,0.2066033016508254,0.25512756378189094,0.28414207103551775,LncRNA
NONHSAT121206,0.28580060422960724,0.2175226586102719,0.25619335347432026,0.2404833836858006,LncRNA
NONHSAT121387,0.22023460410557186,0.24486803519061584,0.30703812316715545,0.22785923753665688,LncRNA
NONHSAT121616,0.22896500372300818,0.2755026061057334,0.3052866716306776,0.19024571854058078,LncRNA
NONHSAT121795,0.17774936061381075,0.2774936061381074,0.3312020460358056,0.21355498721227623,LncRNA
NONHSAT124573,0.282480995162405,0.1895300621976503,0.2208016586040083,0.3071872840359364,LncRNA
NONHSAT124770,0.23953584749274762,0.2511396601740572,0.23207625362619147,0.2772482387070037,LncRNA
NONHSAT130429,0.2948717948717949,0.1994535519125683,0.22467423287095417,0.28100042034468264,LncRNA
NONHSAT133286,0.27239981990094553,0.19158036920306168,0.21837010355695632,0.31764970733903647,LncRNA
NONHSAT133786,0.28039430449069,0.18072289156626506,0.2508214676889376,0.28806133625410735,LncRNA
NONHSAT135576,0.18078512396694216,0.2768595041322314,0.3212809917355372,0.22107438016528927,LncRNA
NONHSAT138545,0.28823529411764703,0.2,0.28823529411764703,0.2235294117647059,LncRNA
NONHSAT138547,0.29523809523809524,0.2201904761904762,0.23085714285714284,0.2537142857142857,LncRNA
NONHSAT144573,0.16086708499714775,0.3479749001711352,0.289218482601255,0.20193953223046207,LncRNA
NONHSAT146362,0.17136774880255454,0.37360298030867484,0.2086216072378925,0.24640766365087813,LncRNA
NONHSAT129051,0.21792392005157962,0.24693745970341716,0.2733720180528691,0.2617666021921341,LncRNA
NONHSAT119717,0.24118820660607404,0.2728884947905121,0.24628685435601863,0.23963644424739525,LncRNA
NONHSAT004818,0.2884710539336962,0.21078673923800098,0.22365165759524988,0.27709054923305293,LncRNA
NONHSAT008275,0.25069444444444444,0.2722222222222222,0.24444444444444444,0.2326388888888889,LncRNA
NONHSAT011609,0.25717501406865506,0.21328081035453011,0.26336522228474957,0.26617895329206526,LncRNA
NONHSAT016414,0.25733000623830316,0.2576419213973799,0.23175296319401123,0.25327510917030566,LncRNA
NONHSAT023031,0.20437956204379562,0.3102189781021898,0.2116788321167883,0.2737226277372263,LncRNA
NONHSAT033777,0.2651734104046243,0.24241329479768786,0.233742774566474,0.2586705202312139,LncRNA
NONHSAT035861,0.26784140969162995,0.20881057268722467,0.2599118942731278,0.26343612334801764,LncRNA
NONHSAT043980,0.2939154348573393,0.18941216913028533,0.20024063251976623,0.31643176349260915,LncRNA
NONHSAT052808,0.2317932654659358,0.26703210649960846,0.2552858261550509,0.24588880187940484,LncRNA
NONHSAT063988,0.24290509612450412,0.23344522429050962,0.22062862374122674,0.30302105584375955,LncRNA
NONHSAT066082,0.21436781609195402,0.2557471264367816,0.2471264367816092,0.2827586206896552,LncRNA
NONHSAT069615,0.20487364620938628,0.26263537906137185,0.26985559566787004,0.26263537906137185,LncRNA
NONHSAT077932,0.22767262063449747,0.2585977072780592,0.30285257264729404,0.2108770994401493,LncRNA
NONHSAT083226,0.271523178807947,0.20894039735099337,0.20894039735099337,0.31059602649006623,LncRNA
NONHSAT087871,0.24159192825112108,0.2533632286995516,0.24439461883408073,0.26065022421524664,LncRNA
NONHSAT098163,0.28593272171253825,0.16475535168195718,0.15711009174311927,0.3922018348623853,LncRNA
NONHSAT099431,0.2529531568228106,0.2460285132382892,0.2395112016293279,0.2615071283095723,LncRNA
NONHSAT102823,0.2955145118733509,0.3333333333333333,0.11257695690413369,0.25857519788918204,LncRNA
NONHSAT104556,0.31369426751592355,0.19347133757961785,0.25955414012738853,0.23328025477707007,LncRNA
NONHSAT121668,0.26748768472906403,0.21133004926108373,0.20935960591133004,0.31182266009852216,LncRNA
NONHSAT125498,0.244,0.28763636363636363,0.2650909090909091,0.20327272727272727,LncRNA
NONHSAT129017,0.29201992055492976,0.19745657200450584,0.19066816861326852,0.3198553388272959,LncRNA
NONHSAT130074,0.26718975841420606,0.21432996076811894,0.2318810654552963,0.2865992153623787,LncRNA
NONHSAT132851,0.2593340060544904,0.27648839556004035,0.26337033299697277,0.20080726538849647,LncRNA
NONHSAT136354,0.2097447795823666,0.308584686774942,0.26867749419953596,0.21299303944315545,LncRNA
NONHSAT137627,0.2728009542451676,0.19066552483484217,0.20170663078052362,0.3348268901394666,LncRNA
NONHSAT140670,0.3146067415730337,0.15106117353308365,0.1772784019975031,0.3570536828963795,LncRNA
NONHSAT147835,0.23565804274465693,0.25815523059617546,0.24971878515185603,0.25646794150731156,LncRNA
NONHSAT134764,0.3081081081081081,0.20270270270270271,0.1783783783783784,0.3108108108108108,LncRNA
NONHSAT018229,0.2880710659898477,0.2068527918781726,0.19796954314720813,0.30710659898477155,LncRNA
NONHSAT039453,0.23880597014925373,0.20149253731343283,0.26492537313432835,0.2947761194029851,LncRNA
NONHSAT042411,0.3083172147001934,0.17059961315280464,0.26344294003868474,0.2576402321083172,LncRNA
NONHSAT073901,0.34299516908212563,0.18164251207729468,0.22190016103059582,0.2534621578099839,LncRNA
NONHSAT075799,0.3039037675896505,0.20154334997730367,0.1979119382660009,0.29664094416704495,LncRNA
NONHSAT092040,0.2640213658908813,0.25219381915299505,0.24112933994658528,0.24265547500953835,LncRNA
NONHSAT122723,0.27942998760842624,0.2224287484510533,0.18277571251548946,0.315365551425031,LncRNA
NONHSAT080828,0.16964924838940587,0.3271295633500358,0.30637079455977095,0.1968503937007874,LncRNA
NONHSAT001523,0.2425281724644782,0.21901028907398334,0.27094561489465946,0.267515923566879,LncRNA
NONHSAT004700,0.3460381143430291,0.17402206619859578,0.20712136409227683,0.2728184553660983,LncRNA
NONHSAT008249,0.21796759941089838,0.2698821796759941,0.28792341678939615,0.22422680412371135,LncRNA
NONHSAT009599,0.23743977976600136,0.1655196145905024,0.1810048176187199,0.4160357880247763,LncRNA
NONHSAT052575,0.27319587628865977,0.23711340206185566,0.2582474226804124,0.23144329896907218,LncRNA
NONHSAT056474,0.22269705603038936,0.27492877492877493,0.29772079772079774,0.204653371320038,LncRNA
NONHSAT088941,0.3008709422011085,0.1955661124307205,0.21536025336500395,0.28820269200316706,LncRNA
NONHSAT089265,0.354639175257732,0.1556701030927835,0.2154639175257732,0.27422680412371137,LncRNA
NONHSAT091278,0.31529959278650377,0.20477021524141942,0.24898196625945318,0.2309482257126236,LncRNA
NONHSAT112460,0.25251256281407036,0.2516750418760469,0.23743718592964824,0.2583752093802345,LncRNA
NONHSAT112472,0.2090970807875085,0.3048200950441276,0.24575695858791582,0.24032586558044808,LncRNA
NONHSAT112474,0.21428571428571427,0.29900332225913623,0.23588039867109634,0.25083056478405313,LncRNA
NONHSAT126489,0.22306034482758622,0.2704741379310345,0.25538793103448276,0.2510775862068966,LncRNA
NONHSAT145961,0.23553719008264462,0.23863636363636365,0.2572314049586777,0.26859504132231404,LncRNA
NONHSAT010129,0.24805939925750928,0.23557205534930814,0.1960850489368883,0.3202834964562943,LncRNA
NONHSAT013498,0.2303448275862069,0.2503448275862069,0.22689655172413792,0.2924137931034483,LncRNA
NONHSAT025386,0.27483934750370737,0.20860108749382106,0.17795353435491842,0.3386060306475531,LncRNA
NONHSAT028415,0.2647058823529412,0.22320709105560033,0.21796937953263498,0.29411764705882354,LncRNA
NONHSAT041141,0.1965065502183406,0.19276356830941985,0.18714909544603867,0.42358078602620086,LncRNA
NONHSAT044208,0.3001464128843338,0.17569546120058566,0.17813567593948268,0.34602244997559783,LncRNA
NONHSAT046901,0.2459615970740628,0.22676013410545565,0.25876257238646755,0.268515696434014,LncRNA
NONHSAT047364,0.2226332374297849,0.27688724482805865,0.2907247568160022,0.20975476092615428,LncRNA
NONHSAT067050,0.3164042661249365,0.18943626206196038,0.19451498222447944,0.29964448958862366,LncRNA
NONHSAT067569,0.2966988727858293,0.19847020933977455,0.21658615136876005,0.2882447665056361,LncRNA
NONHSAT071060,0.32053040695016005,0.18061271147690902,0.17741197988111568,0.3214449016918153,LncRNA
NONHSAT076682,0.3026886383347788,0.16999132697311362,0.17346053772766695,0.3538594969644406,LncRNA
NONHSAT083172,0.2028613352898019,0.3037417461482025,0.2773294203961849,0.21606749816581072,LncRNA
NONHSAT099144,0.299660441426146,0.1935483870967742,0.2028862478777589,0.30390492359932086,LncRNA
NONHSAT100290,0.2780281690140845,0.19915492957746478,0.2152112676056338,0.3076056338028169,LncRNA
NONHSAT101110,0.304421768707483,0.18027210884353742,0.20875850340136054,0.30654761904761907,LncRNA
NONHSAT101771,0.287478944413251,0.1729365524985963,0.19090398652442447,0.3486805165637282,LncRNA
NONHSAT105070,0.29521829521829523,0.17255717255717257,0.18087318087318088,0.35135135135135137,LncRNA
NONHSAT116067,0.3087623504940198,0.19760790431617264,0.21034841393655745,0.2832813312532501,LncRNA
NONHSAT120007,0.26045400238948624,0.21505376344086022,0.1971326164874552,0.32735961768219835,LncRNA
NONHSAT123385,0.26733238231098433,0.23223965763195434,0.24365192582025677,0.25677603423680456,LncRNA
NONHSAT125130,0.27781435154707046,0.20506912442396313,0.1935483870967742,0.3235681369321922,LncRNA
NONHSAT127805,0.24219409282700421,0.2590717299578059,0.19578059071729959,0.3029535864978903,LncRNA
NONHSAT128411,0.2658486707566462,0.19461486025903205,0.1741649625085208,0.36537150647580097,LncRNA
NONHSAT133800,0.2736595370641664,0.24084383240550836,0.16993847055376501,0.3155581599765602,LncRNA
NONHSAT134532,0.24819185382565664,0.21279025504377616,0.24857251617815,0.2904453749524172,LncRNA
NONHSAT134894,0.21232983883586293,0.27710843373493976,0.2512908777969019,0.2592708496322954,LncRNA
NONHSAT134905,0.22507122507122507,0.2630579297245964,0.2744539411206078,0.23741690408357075,LncRNA
NONHSAT135078,0.25562414983781523,0.2531129015381396,0.2532175368839594,0.2380454117400858,LncRNA
NONHSAT135233,0.18181818181818182,0.3594080338266385,0.24947145877378435,0.20930232558139536,LncRNA
NONHSAT138255,0.2949517867271696,0.2144072603516733,0.19398752127056154,0.2966534316505956,LncRNA
NONHSAT140501,0.29842931937172773,0.1849912739965096,0.19546247818499127,0.32111692844677137,LncRNA
NONHSAT144857,0.2543330821401658,0.24189902034664656,0.25470987189148453,0.2490580256217031,LncRNA
NONHSAT007706,0.3155253837072019,0.17532467532467533,0.18772136953955135,0.32142857142857145,LncRNA
NONHSAT098625,0.2615083251714006,0.20274240940254654,0.20861900097943192,0.32713026444662097,LncRNA
NONHSAT126113,0.21852731591448932,0.2589073634204275,0.20665083135391923,0.3159144893111639,LncRNA
NONHSAT130008,0.2612555485098288,0.20164870006341154,0.21433100824350032,0.3227647431832594,LncRNA
NONHSAT067602,0.3186793785310734,0.18237994350282485,0.2153954802259887,0.283545197740113,LncRNA
NONHSAT082967,0.20735900962861073,0.37551581843191195,0.23074277854195324,0.18638239339752408,LncRNA
NONHSAT123384,0.28955696202531644,0.21123417721518986,0.22389240506329114,0.27531645569620256,LncRNA
NONHSAT016928,0.32142857142857145,0.15873015873015872,0.15476190476190477,0.36507936507936506,LncRNA
NONHSAT004532,0.2940780619111709,0.2018842530282638,0.17362045760430686,0.3304172274562584,LncRNA
NONHSAT005180,0.31043005437469107,0.18388531883341572,0.20365793376174,0.3020266930301532,LncRNA
NONHSAT005499,0.2920016077170418,0.17745176848874597,0.18508842443729903,0.3454581993569132,LncRNA
NONHSAT008230,0.31447314473144733,0.18491184911849118,0.1881918819188192,0.3124231242312423,LncRNA
NONHSAT025024,0.3581780538302277,0.16563146997929606,0.13457556935817805,0.3416149068322981,LncRNA
NONHSAT047248,0.3072289156626506,0.21918443002780352,0.21779425393883226,0.2557924003707136,LncRNA
NONHSAT070916,0.2855098389982111,0.19177101967799642,0.18604651162790697,0.3366726296958855,LncRNA
NONHSAT089367,0.28776241679467485,0.19918074756784435,0.2160778289810548,0.296979006656426,LncRNA
NONHSAT092855,0.29793028322440085,0.17919389978213507,0.25163398692810457,0.27124183006535946,LncRNA
NONHSAT100053,0.26481481481481484,0.23935185185185184,0.25324074074074077,0.24259259259259258,LncRNA
NONHSAT108120,0.26832018038331457,0.1939120631341601,0.1589627959413754,0.3788049605411499,LncRNA
NONHSAT108624,0.2698633310169099,0.22700949733611303,0.21311095668288163,0.2900162149640954,LncRNA
NONHSAT119880,0.2914316900127342,0.22321266145170093,0.20720392941604512,0.27815171911951975,LncRNA
NONHSAT120204,0.28502415458937197,0.16908212560386474,0.2222222222222222,0.32367149758454106,LncRNA
NONHSAT126929,0.33690360272638753,0.14264849074975658,0.18111002921129504,0.3393378773125609,LncRNA
NONHSAT133255,0.32207207207207206,0.22822822822822822,0.22597597597597596,0.22372372372372373,LncRNA
NONHSAT034457,0.2972096041531473,0.19338092147955874,0.1810512654120701,0.3283582089552239,LncRNA
NONHSAT040781,0.27053140096618356,0.20082815734989648,0.22429261559696342,0.30434782608695654,LncRNA
NONHSAT066369,0.31756318859364874,0.17887232663642255,0.16396629941672067,0.339598185353208,LncRNA
NONHSAT076793,0.31601362862010224,0.20400340715502555,0.17717206132879046,0.30281090289608176,LncRNA
NONHSAT102285,0.27384907451352636,0.22116753678215473,0.23920265780730898,0.26578073089701,LncRNA
NONHSAT108438,0.29752650176678447,0.19575971731448763,0.23498233215547704,0.2717314487632509,LncRNA
NONHSAT127292,0.2683651804670913,0.12356687898089172,0.15796178343949044,0.45010615711252655,LncRNA
NONHSAT129264,0.32489300998573467,0.16529957203994294,0.18848074179743224,0.32132667617689015,LncRNA
NONHSAT142582,0.27844311377245506,0.1941830624465355,0.16124893071000856,0.3661248930710009,LncRNA
NONHSAT001945,0.28343023255813954,0.22819767441860464,0.21656976744186046,0.27180232558139533,LncRNA
NONHSAT002153,0.2565084226646248,0.23736600306278713,0.20903522205206737,0.29709035222052066,LncRNA
NONHSAT018001,0.23690773067331672,0.272236076475478,0.23607647547797173,0.25477971737323357,LncRNA
NONHSAT027516,0.2579415501905972,0.2474587039390089,0.22617534942820838,0.2684243964421855,LncRNA
NONHSAT034667,0.2924102100745426,0.16975378360063248,0.2110910323017845,0.3267449740230404,LncRNA
NONHSAT037120,0.32596232596232594,0.15847665847665848,0.2194922194922195,0.29606879606879605,LncRNA
NONHSAT053224,0.2764008620689655,0.2192887931034483,0.22306034482758622,0.28125,LncRNA
NONHSAT055363,0.23947614593077643,0.2460243217960711,0.2666043030869972,0.24789522918615528,LncRNA
NONHSAT058492,0.2876520112254443,0.17867165575304023,0.21047708138447146,0.323199251637044,LncRNA
NONHSAT074679,0.30199891950297136,0.17990275526742303,0.20043219881145327,0.31766612641815234,LncRNA
NONHSAT079748,0.25675675675675674,0.24054054054054055,0.20972972972972972,0.292972972972973,LncRNA
NONHSAT086890,0.21700879765395895,0.24413489736070382,0.24193548387096775,0.2969208211143695,LncRNA
NONHSAT091419,0.2624505928853755,0.22015810276679842,0.2533596837944664,0.26403162055335966,LncRNA
NONHSAT099241,0.25712589073634207,0.21140142517814728,0.23515439429928742,0.29631828978622327,LncRNA
NONHSAT102743,0.29504434011476266,0.20615545122587375,0.20834637454355764,0.29045383411580594,LncRNA
NONHSAT114476,0.27998667258996,0.2019102621057308,0.21379386939138162,0.3043091959129276,LncRNA
NONHSAT115380,0.1873589164785553,0.27765237020316025,0.2866817155756208,0.24830699774266365,LncRNA
NONHSAT122540,0.251487290427258,0.2458085451595457,0.23445105462412114,0.2682531097890752,LncRNA
NONHSAT129026,0.2781591660310196,0.19069412662090007,0.20086448004068141,0.3302822273073989,LncRNA
NONHSAT129647,0.20536635706914344,0.2800825593395253,0.25242518059855523,0.26212590299277605,LncRNA
